"uri","type","dc.id","collection","notation","prefLabel","altLabel","broader","broaderTransitive","broadMatch","changeNote","closeMatch","definition","editorialNote","exactMatch","example","hiddenLabel","historyNote","inScheme","mappingRelation","note","related","relatedMatch","scopeNote","semanticRelation","topConceptOf"
"colt:fossieltype","skos:Collection","fossieltype",,,"Collectie van fossieltype.",,,,,,,,,,,,,"cs","fossieltype",,,,,,
"ct:-1","skos:Concept","-1","colt:fossieltype",,"onbepaald",,,,,,,,,,,,,"cs:fossieltype",,,,,,,"cs:fossieltype"
"ct:0","skos:Concept","0","colt:fossieltype",,"onbepaalde fauna",,,,,,,,,,,,,"cs:fossieltype",,,,,,,"cs:fossieltype"
"ct:1","skos:Concept","1","colt:fossieltype",,"onbepaalde flora / plantenresten",,,,,,,,,,,,,"cs:fossieltype",,,,,,,"cs:fossieltype"
"ct:10","skos:Concept","10","colt:fossieltype",,"Anthraconauta sp.",,,,,,,,,,,,,"cs:fossieltype",,,,,,,"cs:fossieltype"
"ct:100","skos:Concept","100","colt:fossieltype",,"Spirophyton sp.",,,,,,,,,,,,,"cs:fossieltype",,,,,,,"cs:fossieltype"
"ct:101","skos:Concept","101","colt:fossieltype",,"Dorycordaites sp.",,,,,,,,,,,,,"cs:fossieltype",,,,,,,"cs:fossieltype"
"ct:102","skos:Concept","102","colt:fossieltype",,"Bellinurus sp.",,,,,,,,,,,,,"cs:fossieltype",,,,,,,"cs:fossieltype"
"ct:103","skos:Concept","103","colt:fossieltype",,"Prestwichia sp.",,,,,,,,,,,,,"cs:fossieltype",,,,,,,"cs:fossieltype"
"ct:104","skos:Concept","104","colt:fossieltype",,"Carbonia sp.",,,,,,,,,,,,,"cs:fossieltype",,,,,,,"cs:fossieltype"
"ct:105","skos:Concept","105","colt:fossieltype",,"Acrolepis sp.",,,,,,,,,,,,,"cs:fossieltype",,,,,,,"cs:fossieltype"
"ct:106","skos:Concept","106","colt:fossieltype",,"Palaeoxyris sp.",,,,,,,,,,,,,"cs:fossieltype",,,,,,,"cs:fossieltype"
"ct:107","skos:Concept","107","colt:fossieltype",,"Sclapellites sp.",,,,,,,,,,,,,"cs:fossieltype",,,,,,,"cs:fossieltype"
"ct:108","skos:Concept","108","colt:fossieltype",,"Asolanus sp.",,,,,,,,,,,,,"cs:fossieltype",,,,,,,"cs:fossieltype"
"ct:109","skos:Concept","109","colt:fossieltype",,"Lycopodiales",,,,,,,,,,,,,"cs:fossieltype",,,,,,,"cs:fossieltype"
"ct:11","skos:Concept","11","colt:fossieltype",,"Curvirimula sp.",,,,,,,,,,,,,"cs:fossieltype",,,,,,,"cs:fossieltype"
"ct:110","skos:Concept","110","colt:fossieltype",,"Posidonomya sp.",,,,,,,,,,,,,"cs:fossieltype",,,,,,,"cs:fossieltype"
"ct:111","skos:Concept","111","colt:fossieltype",,"Reticuloceras sp.",,,,,,,,,,,,,"cs:fossieltype",,,,,,,"cs:fossieltype"
"ct:112","skos:Concept","112","colt:fossieltype",,"Anthracoceras sp.",,,,,,,,,,,,,"cs:fossieltype",,,,,,,"cs:fossieltype"
"ct:113","skos:Concept","113","colt:fossieltype",,"Orthoceras sp.",,,,,,,,,,,,,"cs:fossieltype",,,,,,,"cs:fossieltype"
"ct:114","skos:Concept","114","colt:fossieltype",,"Palaeocaris sp.",,,,,,,,,,,,,"cs:fossieltype",,,,,,,"cs:fossieltype"
"ct:115","skos:Concept","115","colt:fossieltype",,"Productus sp.",,,,,,,,,,,,,"cs:fossieltype",,,,,,,"cs:fossieltype"
"ct:116","skos:Concept","116","colt:fossieltype",,"Schizophoria sp.",,,,,,,,,,,,,"cs:fossieltype",,,,,,,"cs:fossieltype"
"ct:117","skos:Concept","117","colt:fossieltype",,"Gastropoden",,,,,,,,,,,,,"cs:fossieltype",,,,,,,"cs:fossieltype"
"ct:118","skos:Concept","118","colt:fossieltype",,"Straparolus sp.",,,,,,,,,,,,,"cs:fossieltype",,,,,,,"cs:fossieltype"
"ct:119","skos:Concept","119","colt:fossieltype",,"Chonetes sp.",,,,,,,,,,,,,"cs:fossieltype",,,,,,,"cs:fossieltype"
"ct:12","skos:Concept","12","colt:fossieltype",,"Naiadites sp.",,,,,,,,,,,,,"cs:fossieltype",,,,,,,"cs:fossieltype"
"ct:120","skos:Concept","120","colt:fossieltype",,"spirifer",,,,,,,,,,,,,"cs:fossieltype",,,,,,,"cs:fossieltype"
"ct:121","skos:Concept","121","colt:fossieltype",,"Dentallum sp.",,,,,,,,,,,,,"cs:fossieltype",,,,,,,"cs:fossieltype"
"ct:122","skos:Concept","122","colt:fossieltype",,"Rhipidomella sp.",,,,,,,,,,,,,"cs:fossieltype",,,,,,,"cs:fossieltype"
"ct:123","skos:Concept","123","colt:fossieltype",,"Arthyris lamellosa",,,,,,,,,,,,,"cs:fossieltype",,,,,,,"cs:fossieltype"
"ct:124","skos:Concept","124","colt:fossieltype",,"Paripteris sp.",,,,,,,,,,,,,"cs:fossieltype",,,,,,,"cs:fossieltype"
"ct:125","skos:Concept","125","colt:fossieltype",,"Belemnitella mucronata",,,,,,,,,,,,,"cs:fossieltype",,,,,,,"cs:fossieltype"
"ct:126","skos:Concept","126","colt:fossieltype",,"Baculites vertebralis",,,,,,,,,,,,,"cs:fossieltype",,,,,,,"cs:fossieltype"
"ct:127","skos:Concept","127","colt:fossieltype",,"Aporrhais granulosa",,,,,,,,,,,,,"cs:fossieltype",,,,,,,"cs:fossieltype"
"ct:128","skos:Concept","128","colt:fossieltype",,"Lispodesthes schlotheimi",,,,,,,,,,,,,"cs:fossieltype",,,,,,,"cs:fossieltype"
"ct:129","skos:Concept","129","colt:fossieltype",,"Lunatia klipsteini",,,,,,,,,,,,,"cs:fossieltype",,,,,,,"cs:fossieltype"
"ct:13","skos:Concept","13","colt:fossieltype",,"Cyzicus (Estheria) sp.",,,,,,,,,,,,,"cs:fossieltype",,,,,,,"cs:fossieltype"
"ct:130","skos:Concept","130","colt:fossieltype",,"Entalis geinitzi",,,,,,,,,,,,,"cs:fossieltype",,,,,,,"cs:fossieltype"
"ct:131","skos:Concept","131","colt:fossieltype",,"Turritella acantophospora",,,,,,,,,,,,,"cs:fossieltype",,,,,,,"cs:fossieltype"
"ct:132","skos:Concept","132","colt:fossieltype",,"Tubbreva exaltata",,,,,,,,,,,,,"cs:fossieltype",,,,,,,"cs:fossieltype"
"ct:133","skos:Concept","133","colt:fossieltype",,"Trochus gemineus",,,,,,,,,,,,,"cs:fossieltype",,,,,,,"cs:fossieltype"
"ct:134","skos:Concept","134","colt:fossieltype",,"Gervillia solenoides",,,,,,,,,,,,,"cs:fossieltype",,,,,,,"cs:fossieltype"
"ct:135","skos:Concept","135","colt:fossieltype",,"Liopistha aequivalvis",,,,,,,,,,,,,"cs:fossieltype",,,,,,,"cs:fossieltype"
"ct:136","skos:Concept","136","colt:fossieltype",,"Cucullea subglabra",,,,,,,,,,,,,"cs:fossieltype",,,,,,,"cs:fossieltype"
"ct:137","skos:Concept","137","colt:fossieltype",,"Pecten pusio",,,,,,,,,,,,,"cs:fossieltype",,,,,,,"cs:fossieltype"
"ct:138","skos:Concept","138","colt:fossieltype",,"Pectunculus sp.",,,,,,,,,,,,,"cs:fossieltype",,,,,,,"cs:fossieltype"
"ct:139","skos:Concept","139","colt:fossieltype",,"Ostrea sp.",,,,,,,,,,,,,"cs:fossieltype",,,,,,,"cs:fossieltype"
"ct:14","skos:Concept","14","colt:fossieltype",,"Leaia sp.",,,,,,,,,,,,,"cs:fossieltype",,,,,,,"cs:fossieltype"
"ct:140","skos:Concept","140","colt:fossieltype",,"Cardium sp.",,,,,,,,,,,,,"cs:fossieltype",,,,,,,"cs:fossieltype"
"ct:141","skos:Concept","141","colt:fossieltype",,"Cyprina sp.",,,,,,,,,,,,,"cs:fossieltype",,,,,,,"cs:fossieltype"
"ct:142","skos:Concept","142","colt:fossieltype",,"Meretrix sp.",,,,,,,,,,,,,"cs:fossieltype",,,,,,,"cs:fossieltype"
"ct:143","skos:Concept","143","colt:fossieltype",,"Astarte sp.",,,,,,,,,,,,,"cs:fossieltype",,,,,,,"cs:fossieltype"
"ct:144","skos:Concept","144","colt:fossieltype",,"Pecten sp.",,,,,,,,,,,,,"cs:fossieltype",,,,,,,"cs:fossieltype"
"ct:145","skos:Concept","145","colt:fossieltype",,"Balanus sp.",,,,,,,,,,,,,"cs:fossieltype",,,,,,,"cs:fossieltype"
"ct:146","skos:Concept","146","colt:fossieltype",,"Corbula sp.",,,,,,,,,,,,,"cs:fossieltype",,,,,,,"cs:fossieltype"
"ct:147","skos:Concept","147","colt:fossieltype",,"Nucula duchasteli",,,,,,,,,,,,,"cs:fossieltype",,,,,,,"cs:fossieltype"
"ct:148","skos:Concept","148","colt:fossieltype",,"Leda sp.",,,,,,,,,,,,,"cs:fossieltype",,,,,,,"cs:fossieltype"
"ct:149","skos:Concept","149","colt:fossieltype",,"Limatula nysti",,,,,,,,,,,,,"cs:fossieltype",,,,,,,"cs:fossieltype"
"ct:15","skos:Concept","15","colt:fossieltype",,"ostracoden",,,,,,,,,,,,,"cs:fossieltype",,,,,,,"cs:fossieltype"
"ct:150","skos:Concept","150","colt:fossieltype",,"Dentalium sp.",,,,,,,,,,,,,"cs:fossieltype",,,,,,,"cs:fossieltype"
"ct:151","skos:Concept","151","colt:fossieltype",,"Limopsis sp.",,,,,,,,,,,,,"cs:fossieltype",,,,,,,"cs:fossieltype"
"ct:152","skos:Concept","152","colt:fossieltype",,"Teredo sp.",,,,,,,,,,,,,"cs:fossieltype",,,,,,,"cs:fossieltype"
"ct:153","skos:Concept","153","colt:fossieltype",,"Cristellaria sp.",,,,,,,,,,,,,"cs:fossieltype",,,,,,,"cs:fossieltype"
"ct:154","skos:Concept","154","colt:fossieltype",,"Cornuspira involvens",,,,,,,,,,,,,"cs:fossieltype",,,,,,,"cs:fossieltype"
"ct:155","skos:Concept","155","colt:fossieltype",,"Aporrhais speciosa",,,,,,,,,,,,,"cs:fossieltype",,,,,,,"cs:fossieltype"
"ct:156","skos:Concept","156","colt:fossieltype",,"Nucula sp.",,,,,,,,,,,,,"cs:fossieltype",,,,,,,"cs:fossieltype"
"ct:157","skos:Concept","157","colt:fossieltype",,"Cancellaria sp.",,,,,,,,,,,,,"cs:fossieltype",,,,,,,"cs:fossieltype"
"ct:158","skos:Concept","158","colt:fossieltype",,"Ditrupa clava",,,,,,,,,,,,,"cs:fossieltype",,,,,,,"cs:fossieltype"
"ct:159","skos:Concept","159","colt:fossieltype",,"Bryozoa",,,,,,,,,,,,,"cs:fossieltype",,,,,,,"cs:fossieltype"
"ct:16","skos:Concept","16","colt:fossieltype",,"Geisina sp.",,,,,,,,,,,,,"cs:fossieltype",,,,,,,"cs:fossieltype"
"ct:160","skos:Concept","160","colt:fossieltype",,"Natica sp.",,,,,,,,,,,,,"cs:fossieltype",,,,,,,"cs:fossieltype"
"ct:161","skos:Concept","161","colt:fossieltype",,"Actaeon sp.",,,,,,,,,,,,,"cs:fossieltype",,,,,,,"cs:fossieltype"
"ct:162","skos:Concept","162","colt:fossieltype",,"sponsspicullen",,,,,,,,,,,,,"cs:fossieltype",,,,,,,"cs:fossieltype"
"ct:163","skos:Concept","163","colt:fossieltype",,"Orbitoliten",,,,,,,,,,,,,"cs:fossieltype",,,,,,,"cs:fossieltype"
"ct:164","skos:Concept","164","colt:fossieltype",,"Cidaris sp.",,,,,,,,,,,,,"cs:fossieltype",,,,,,,"cs:fossieltype"
"ct:165","skos:Concept","165","colt:fossieltype",,"Nummulites wemmelensis",,,,,,,,,,,,,"cs:fossieltype",,,,,,,"cs:fossieltype"
"ct:166","skos:Concept","166","colt:fossieltype",,"Lucina squamula",,,,,,,,,,,,,"cs:fossieltype",,,,,,,"cs:fossieltype"
"ct:167","skos:Concept","167","colt:fossieltype",,"Ditrupa sp.",,,,,,,,,,,,,"cs:fossieltype",,,,,,,"cs:fossieltype"
"ct:168","skos:Concept","168","colt:fossieltype",,"Thecidea papillata",,,,,,,,,,,,,"cs:fossieltype",,,,,,,"cs:fossieltype"
"ct:169","skos:Concept","169","colt:fossieltype",,"Trigonosemus pectiniformis",,,,,,,,,,,,,"cs:fossieltype",,,,,,,"cs:fossieltype"
"ct:17","skos:Concept","17","colt:fossieltype",,"visresten",,,,,,,,,,,,,"cs:fossieltype",,,,,,,"cs:fossieltype"
"ct:170","skos:Concept","170","colt:fossieltype",,"Crania ignabergensis",,,,,,,,,,,,,"cs:fossieltype",,,,,,,"cs:fossieltype"
"ct:171","skos:Concept","171","colt:fossieltype",,"Productus cora",,,,,,,,,,,,,"cs:fossieltype",,,,,,,"cs:fossieltype"
"ct:172","skos:Concept","172","colt:fossieltype",,"Spirifer glaber",,,,,,,,,,,,,"cs:fossieltype",,,,,,,"cs:fossieltype"
"ct:173","skos:Concept","173","colt:fossieltype",,"Streptorhynchus crenistria",,,,,,,,,,,,,"cs:fossieltype",,,,,,,"cs:fossieltype"
"ct:174","skos:Concept","174","colt:fossieltype",,"Chonetes papilionacea",,,,,,,,,,,,,"cs:fossieltype",,,,,,,"cs:fossieltype"
"ct:175","skos:Concept","175","colt:fossieltype",,"Vola sp.",,,,,,,,,,,,,"cs:fossieltype",,,,,,,"cs:fossieltype"
"ct:176","skos:Concept","176","colt:fossieltype",,"Vola quadricostata",,,,,,,,,,,,,"cs:fossieltype",,,,,,,"cs:fossieltype"
"ct:177","skos:Concept","177","colt:fossieltype",,"Trigonia limbata",,,,,,,,,,,,,"cs:fossieltype",,,,,,,"cs:fossieltype"
"ct:178","skos:Concept","178","colt:fossieltype",,"Cyprimeria gelinitzi",,,,,,,,,,,,,"cs:fossieltype",,,,,,,"cs:fossieltype"
"ct:179","skos:Concept","179","colt:fossieltype",,"Crustaceae",,,,,,,,,,,,,"cs:fossieltype",,,,,,,"cs:fossieltype"
"ct:18","skos:Concept","18","colt:fossieltype",,"Alethopteris sp.",,,,,,,,,,,,,"cs:fossieltype",,,,,,,"cs:fossieltype"
"ct:180","skos:Concept","180","colt:fossieltype",,"Ditrupa mosae",,,,,,,,,,,,,"cs:fossieltype",,,,,,,"cs:fossieltype"
"ct:181","skos:Concept","181","colt:fossieltype",,"Turritella nodosa",,,,,,,,,,,,,"cs:fossieltype",,,,,,,"cs:fossieltype"
"ct:182","skos:Concept","182","colt:fossieltype",,"Eriphyla lenticularis",,,,,,,,,,,,,"cs:fossieltype",,,,,,,"cs:fossieltype"
"ct:183","skos:Concept","183","colt:fossieltype",,"Calcarina sp.",,,,,,,,,,,,,"cs:fossieltype",,,,,,,"cs:fossieltype"
"ct:184","skos:Concept","184","colt:fossieltype",,"Calcarina calcitrapoides",,,,,,,,,,,,,"cs:fossieltype",,,,,,,"cs:fossieltype"
"ct:185","skos:Concept","185","colt:fossieltype",,"Cyprina nysti",,,,,,,,,,,,,"cs:fossieltype",,,,,,,"cs:fossieltype"
"ct:186","skos:Concept","186","colt:fossieltype",,"Pectunculus observatus",,,,,,,,,,,,,"cs:fossieltype",,,,,,,"cs:fossieltype"
"ct:187","skos:Concept","187","colt:fossieltype",,"Actinocamax quadratus",,,,,,,,,,,,,"cs:fossieltype",,,,,,,"cs:fossieltype"
"ct:188","skos:Concept","188","colt:fossieltype",,"Actinocamax sp.",,,,,,,,,,,,,"cs:fossieltype",,,,,,,"cs:fossieltype"
"ct:189","skos:Concept","189","colt:fossieltype",,"Avicula sp.",,,,,,,,,,,,,"cs:fossieltype",,,,,,,"cs:fossieltype"
"ct:19","skos:Concept","19","colt:fossieltype",,"Annularia sp.",,,,,,,,,,,,,"cs:fossieltype",,,,,,,"cs:fossieltype"
"ct:190","skos:Concept","190","colt:fossieltype",,"Rhynchonella plicatilis",,,,,,,,,,,,,"cs:fossieltype",,,,,,,"cs:fossieltype"
"ct:191","skos:Concept","191","colt:fossieltype",,"Rhynchonella sp.",,,,,,,,,,,,,"cs:fossieltype",,,,,,,"cs:fossieltype"
"ct:192","skos:Concept","192","colt:fossieltype",,"Bourgueticrinus ellipticus",,,,,,,,,,,,,"cs:fossieltype",,,,,,,"cs:fossieltype"
"ct:193","skos:Concept","193","colt:fossieltype",,"Echinocorys sp.",,,,,,,,,,,,,"cs:fossieltype",,,,,,,"cs:fossieltype"
"ct:194","skos:Concept","194","colt:fossieltype",,"Echinocorys vulgaris",,,,,,,,,,,,,"cs:fossieltype",,,,,,,"cs:fossieltype"
"ct:195","skos:Concept","195","colt:fossieltype",,"Ostrea semiplana",,,,,,,,,,,,,"cs:fossieltype",,,,,,,"cs:fossieltype"
"ct:196","skos:Concept","196","colt:fossieltype",,"algen",,,,,,,,,,,,,"cs:fossieltype",,,,,,,"cs:fossieltype"
"ct:197","skos:Concept","197","colt:fossieltype",,"foraminiferen",,,,,,,,,,,,,"cs:fossieltype",,,,,,,"cs:fossieltype"
"ct:198","skos:Concept","198","colt:fossieltype",,"Ostrea vesicularis",,,,,,,,,,,,,"cs:fossieltype",,,,,,,"cs:fossieltype"
"ct:199","skos:Concept","199","colt:fossieltype",,"Janira quadricostata",,,,,,,,,,,,,"cs:fossieltype",,,,,,,"cs:fossieltype"
"ct:2","skos:Concept","2","colt:fossieltype",,"onbepaald ichnofossiel",,,,,,,,,,,,,"cs:fossieltype",,,,,,,"cs:fossieltype"
"ct:20","skos:Concept","20","colt:fossieltype",,"Asterophyllites sp.",,,,,,,,,,,,,"cs:fossieltype",,,,,,,"cs:fossieltype"
"ct:200","skos:Concept","200","colt:fossieltype",,"Rhynchonella  limbata",,,,,,,,,,,,,"cs:fossieltype",,,,,,,"cs:fossieltype"
"ct:201","skos:Concept","201","colt:fossieltype",,"Belemnitella sp.",,,,,,,,,,,,,"cs:fossieltype",,,,,,,"cs:fossieltype"
"ct:202","skos:Concept","202","colt:fossieltype",,"Rhynchonella dutempleana",,,,,,,,,,,,,"cs:fossieltype",,,,,,,"cs:fossieltype"
"ct:203","skos:Concept","203","colt:fossieltype",,"belemnieten",,,,,,,,,,,,,"cs:fossieltype",,,,,,,"cs:fossieltype"
"ct:204","skos:Concept","204","colt:fossieltype",,"Gyrolites davreuxi",,,,,,,,,,,,,"cs:fossieltype",,,,,,,"cs:fossieltype"
"ct:205","skos:Concept","205","colt:fossieltype",,"Bivalven",,,,,,,,,,,,,"cs:fossieltype",,,,,,,"cs:fossieltype"
"ct:206","skos:Concept","206","colt:fossieltype",,"Pecten spatulus",,,,,,,,,,,,,"cs:fossieltype",,,,,,,"cs:fossieltype"
"ct:207","skos:Concept","207","colt:fossieltype",,"Terebratula sp.",,,,,,,,,,,,,"cs:fossieltype",,,,,,,"cs:fossieltype"
"ct:208","skos:Concept","208","colt:fossieltype",,"Ostrea laciniata",,,,,,,,,,,,,"cs:fossieltype",,,,,,,"cs:fossieltype"
"ct:209","skos:Concept","209","colt:fossieltype",,"Lima sp.",,,,,,,,,,,,,"cs:fossieltype",,,,,,,"cs:fossieltype"
"ct:21","skos:Concept","21","colt:fossieltype",,"Aulacopteris sp.",,,,,,,,,,,,,"cs:fossieltype",,,,,,,"cs:fossieltype"
"ct:210","skos:Concept","210","colt:fossieltype",,"Baculites sp.",,,,,,,,,,,,,"cs:fossieltype",,,,,,,"cs:fossieltype"
"ct:211","skos:Concept","211","colt:fossieltype",,"Lima soverbyi",,,,,,,,,,,,,"cs:fossieltype",,,,,,,"cs:fossieltype"
"ct:212","skos:Concept","212","colt:fossieltype",,"Pecten loevis",,,,,,,,,,,,,"cs:fossieltype",,,,,,,"cs:fossieltype"
"ct:213","skos:Concept","213","colt:fossieltype",,"Arca subglabra",,,,,,,,,,,,,"cs:fossieltype",,,,,,,"cs:fossieltype"
"ct:214","skos:Concept","214","colt:fossieltype",,"Turritella alternans",,,,,,,,,,,,,"cs:fossieltype",,,,,,,"cs:fossieltype"
"ct:215","skos:Concept","215","colt:fossieltype",,"Turritella sp.",,,,,,,,,,,,,"cs:fossieltype",,,,,,,"cs:fossieltype"
"ct:216","skos:Concept","216","colt:fossieltype",,"Cerithium sp.",,,,,,,,,,,,,"cs:fossieltype",,,,,,,"cs:fossieltype"
"ct:217","skos:Concept","217","colt:fossieltype",,"Cerithium decheni",,,,,,,,,,,,,"cs:fossieltype",,,,,,,"cs:fossieltype"
"ct:218","skos:Concept","218","colt:fossieltype",,"Meretrix ovalis",,,,,,,,,,,,,"cs:fossieltype",,,,,,,"cs:fossieltype"
"ct:219","skos:Concept","219","colt:fossieltype",,"Gyrolites sp.",,,,,,,,,,,,,"cs:fossieltype",,,,,,,"cs:fossieltype"
"ct:22","skos:Concept","22","colt:fossieltype",,"Bothrodendron sp.",,,,,,,,,,,,,"cs:fossieltype",,,,,,,"cs:fossieltype"
"ct:220","skos:Concept","220","colt:fossieltype",,"Leda deshayesiana",,,,,,,,,,,,,"cs:fossieltype",,,,,,,"cs:fossieltype"
"ct:221","skos:Concept","221","colt:fossieltype",,"Gyrolites dewalquei",,,,,,,,,,,,,"cs:fossieltype",,,,,,,"cs:fossieltype"
"ct:222","skos:Concept","222","colt:fossieltype",,"Inoceramus sp.",,,,,,,,,,,,,"cs:fossieltype",,,,,,,"cs:fossieltype"
"ct:223","skos:Concept","223","colt:fossieltype",,"Nodosaria sp.",,,,,,,,,,,,,"cs:fossieltype",,,,,,,"cs:fossieltype"
"ct:224","skos:Concept","224","colt:fossieltype",,"Cyprina morrisi",,,,,,,,,,,,,"cs:fossieltype",,,,,,,"cs:fossieltype"
"ct:225","skos:Concept","225","colt:fossieltype",,"Osmeroides sp.",,,,,,,,,,,,,"cs:fossieltype",,,,,,,"cs:fossieltype"
"ct:226","skos:Concept","226","colt:fossieltype",,"Tellina sp.",,,,,,,,,,,,,"cs:fossieltype",,,,,,,"cs:fossieltype"
"ct:227","skos:Concept","227","colt:fossieltype",,"Spondyles sp.",,,,,,,,,,,,,"cs:fossieltype",,,,,,,"cs:fossieltype"
"ct:228","skos:Concept","228","colt:fossieltype",,"Pecten pulchellus",,,,,,,,,,,,,"cs:fossieltype",,,,,,,"cs:fossieltype"
"ct:23","skos:Concept","23","colt:fossieltype",,"Bothrostrobus sp.",,,,,,,,,,,,,"cs:fossieltype",,,,,,,"cs:fossieltype"
"ct:230","skos:Concept","230","colt:fossieltype",,"oesters",,,,,,,,,,,,,"cs:fossieltype",,,,,,,"cs:fossieltype"
"ct:231","skos:Concept","231","colt:fossieltype",,"Calianassa sp.",,,,,,,,,,,,,"cs:fossieltype",,,,,,,"cs:fossieltype"
"ct:232","skos:Concept","232","colt:fossieltype",,"Janira sp.",,,,,,,,,,,,,"cs:fossieltype",,,,,,,"cs:fossieltype"
"ct:233","skos:Concept","233","colt:fossieltype",,"sponzen",,,,,,,,,,,,,"cs:fossieltype",,,,,,,"cs:fossieltype"
"ct:234","skos:Concept","234","colt:fossieltype",,"coprolieten",,,,,,,,,,,,,"cs:fossieltype",,,,,,,"cs:fossieltype"
"ct:235","skos:Concept","235","colt:fossieltype",,"Rotalina sp.",,,,,,,,,,,,,"cs:fossieltype",,,,,,,"cs:fossieltype"
"ct:236","skos:Concept","236","colt:fossieltype",,"Neuropteris gigantea",,,,,,,,,,,,,"cs:fossieltype",,,,,,,"cs:fossieltype"
"ct:237","skos:Concept","237","colt:fossieltype",,"Mariopteris sauveuri latifolia",,,,,,,,,,,,,"cs:fossieltype",,,,,,,"cs:fossieltype"
"ct:238","skos:Concept","238","colt:fossieltype",,"zeeëgel",,,,,,,,,,,,,"cs:fossieltype",,,,,,,"cs:fossieltype"
"ct:239","skos:Concept","239","colt:fossieltype",,"Chenopus sp.",,,,,,,,,,,,,"cs:fossieltype",,,,,,,"cs:fossieltype"
"ct:24","skos:Concept","24","colt:fossieltype",,"Calamites sp.",,,,,,,,,,,,,"cs:fossieltype",,,,,,,"cs:fossieltype"
"ct:240","skos:Concept","240","colt:fossieltype",,"Calianassa fayiasi",,,,,,,,,,,,,"cs:fossieltype",,,,,,,"cs:fossieltype"
"ct:241","skos:Concept","241","colt:fossieltype",,"Nucula chastelli",,,,,,,,,,,,,"cs:fossieltype",,,,,,,"cs:fossieltype"
"ct:242","skos:Concept","242","colt:fossieltype",,"Trigonia sp.",,,,,,,,,,,,,"cs:fossieltype",,,,,,,"cs:fossieltype"
"ct:243","skos:Concept","243","colt:fossieltype",,"Notidamus sp.",,,,,,,,,,,,,"cs:fossieltype",,,,,,,"cs:fossieltype"
"ct:244","skos:Concept","244","colt:fossieltype",,"Pholadomya sp.",,,,,,,,,,,,,"cs:fossieltype",,,,,,,"cs:fossieltype"
"ct:245","skos:Concept","245","colt:fossieltype",,"Dosinia lenticularis",,,,,,,,,,,,,"cs:fossieltype",,,,,,,"cs:fossieltype"
"ct:246","skos:Concept","246","colt:fossieltype",,"Cypris sp.",,,,,,,,,,,,,"cs:fossieltype",,,,,,,"cs:fossieltype"
"ct:247","skos:Concept","247","colt:fossieltype",,"Ostrea ventilabrum",,,,,,,,,,,,,"cs:fossieltype",,,,,,,"cs:fossieltype"
"ct:248","skos:Concept","248","colt:fossieltype",,"Panopoea sp.",,,,,,,,,,,,,"cs:fossieltype",,,,,,,"cs:fossieltype"
"ct:249","skos:Concept","249","colt:fossieltype",,"Lepidodendron triangulaire",,,,,,,,,,,,,"cs:fossieltype",,,,,,,"cs:fossieltype"
"ct:25","skos:Concept","25","colt:fossieltype",,"Calamostachys sp.",,,,,,,,,,,,,"cs:fossieltype",,,,,,,"cs:fossieltype"
"ct:250","skos:Concept","250","colt:fossieltype",,"Ostrea lateralis",,,,,,,,,,,,,"cs:fossieltype",,,,,,,"cs:fossieltype"
"ct:251","skos:Concept","251","colt:fossieltype",,"Alethopteris lonchitifolia davreuxi",,,,,,,,,,,,,"cs:fossieltype",,,,,,,"cs:fossieltype"
"ct:252","skos:Concept","252","colt:fossieltype",,"Enchodus (Faujasi) sp.",,,,,,,,,,,,,"cs:fossieltype",,,,,,,"cs:fossieltype"
"ct:253","skos:Concept","253","colt:fossieltype",,"Lamna sp.",,,,,,,,,,,,,"cs:fossieltype",,,,,,,"cs:fossieltype"
"ct:254","skos:Concept","254","colt:fossieltype",,"Mactra sp.",,,,,,,,,,,,,"cs:fossieltype",,,,,,,"cs:fossieltype"
"ct:255","skos:Concept","255","colt:fossieltype",,"Anomya (Terebratula)",,,,,,,,,,,,,"cs:fossieltype",,,,,,,"cs:fossieltype"
"ct:256","skos:Concept","256","colt:fossieltype",,"Buccinum sp.",,,,,,,,,,,,,"cs:fossieltype",,,,,,,"cs:fossieltype"
"ct:257","skos:Concept","257","colt:fossieltype",,"Rostellaria sp.",,,,,,,,,,,,,"cs:fossieltype",,,,,,,"cs:fossieltype"
"ct:258","skos:Concept","258","colt:fossieltype",,"Mammalia",,,,,,,,,,,,,"cs:fossieltype",,,,,,,"cs:fossieltype"
"ct:259","skos:Concept","259","colt:fossieltype",,"Ostrea callifera",,,,,,,,,,,,,"cs:fossieltype",,,,,,,"cs:fossieltype"
"ct:26","skos:Concept","26","colt:fossieltype",,"Cordaites sp.",,,,,,,,,,,,,"cs:fossieltype",,,,,,,"cs:fossieltype"
"ct:260","skos:Concept","260","colt:fossieltype",,"Cardium cingulatum",,,,,,,,,,,,,"cs:fossieltype",,,,,,,"cs:fossieltype"
"ct:261","skos:Concept","261","colt:fossieltype",,"Annularia radiata",,,,,,,,,,,,,"cs:fossieltype",,,,,,,"cs:fossieltype"
"ct:262","skos:Concept","262","colt:fossieltype",,"Asterophyllites equisetiformis",,,,,,,,,,,,,"cs:fossieltype",,,,,,,"cs:fossieltype"
"ct:263","skos:Concept","263","colt:fossieltype",,"Asterophyllites grandis",,,,,,,,,,,,,"cs:fossieltype",,,,,,,"cs:fossieltype"
"ct:264","skos:Concept","264","colt:fossieltype",,"Alethopteris decurrens",,,,,,,,,,,,,"cs:fossieltype",,,,,,,"cs:fossieltype"
"ct:265","skos:Concept","265","colt:fossieltype",,"Alethopteris lonchitica",,,,,,,,,,,,,"cs:fossieltype",,,,,,,"cs:fossieltype"
"ct:266","skos:Concept","266","colt:fossieltype",,"Alethopteris serli",,,,,,,,,,,,,"cs:fossieltype",,,,,,,"cs:fossieltype"
"ct:267","skos:Concept","267","colt:fossieltype",,"Anthracomya minima",,,,,,,,,,,,,"cs:fossieltype",,,,,,,"cs:fossieltype"
"ct:268","skos:Concept","268","colt:fossieltype",,"Anthracomya modiolaris",,,,,,,,,,,,,"cs:fossieltype",,,,,,,"cs:fossieltype"
"ct:269","skos:Concept","269","colt:fossieltype",,"Anthracomya philippsi",,,,,,,,,,,,,"cs:fossieltype",,,,,,,"cs:fossieltype"
"ct:27","skos:Concept","27","colt:fossieltype",,"Cyclopteris sp.",,,,,,,,,,,,,"cs:fossieltype",,,,,,,"cs:fossieltype"
"ct:270","skos:Concept","270","colt:fossieltype",,"Anthracomya williamsoni",,,,,,,,,,,,,"cs:fossieltype",,,,,,,"cs:fossieltype"
"ct:271","skos:Concept","271","colt:fossieltype",,"Bothrodendron minutifolium",,,,,,,,,,,,,"cs:fossieltype",,,,,,,"cs:fossieltype"
"ct:272","skos:Concept","272","colt:fossieltype",,"Calamites cisti",,,,,,,,,,,,,"cs:fossieltype",,,,,,,"cs:fossieltype"
"ct:273","skos:Concept","273","colt:fossieltype",,"Calamites indulatus",,,,,,,,,,,,,"cs:fossieltype",,,,,,,"cs:fossieltype"
"ct:274","skos:Concept","274","colt:fossieltype",,"Calamites ramosus",,,,,,,,,,,,,"cs:fossieltype",,,,,,,"cs:fossieltype"
"ct:275","skos:Concept","275","colt:fossieltype",,"Calamites suckowi",,,,,,,,,,,,,"cs:fossieltype",,,,,,,"cs:fossieltype"
"ct:276","skos:Concept","276","colt:fossieltype",,"Anthracomya wardi williamsoni",,,,,,,,,,,,,"cs:fossieltype",,,,,,,"cs:fossieltype"
"ct:277","skos:Concept","277","colt:fossieltype",,"Calamostachys germanica",,,,,,,,,,,,,"cs:fossieltype",,,,,,,"cs:fossieltype"
"ct:278","skos:Concept","278","colt:fossieltype",,"Calamophyllites goepperti",,,,,,,,,,,,,"cs:fossieltype",,,,,,,"cs:fossieltype"
"ct:279","skos:Concept","279","colt:fossieltype",,"Calamophyllites verticillatus",,,,,,,,,,,,,"cs:fossieltype",,,,,,,"cs:fossieltype"
"ct:28","skos:Concept","28","colt:fossieltype",,"Diplotmema sp.",,,,,,,,,,,,,"cs:fossieltype",,,,,,,"cs:fossieltype"
"ct:280","skos:Concept","280","colt:fossieltype",,"Carbonicola acuta",,,,,,,,,,,,,"cs:fossieltype",,,,,,,"cs:fossieltype"
"ct:281","skos:Concept","281","colt:fossieltype",,"Carbonicola aquilina",,,,,,,,,,,,,"cs:fossieltype",,,,,,,"cs:fossieltype"
"ct:282","skos:Concept","282","colt:fossieltype",,"Carbonicola nucularis",,,,,,,,,,,,,"cs:fossieltype",,,,,,,"cs:fossieltype"
"ct:283","skos:Concept","283","colt:fossieltype",,"Carbonicola ovalis",,,,,,,,,,,,,"cs:fossieltype",,,,,,,"cs:fossieltype"
"ct:284","skos:Concept","284","colt:fossieltype",,"Carbonicola similis",,,,,,,,,,,,,"cs:fossieltype",,,,,,,"cs:fossieltype"
"ct:285","skos:Concept","285","colt:fossieltype",,"Cordaites borassifolius",,,,,,,,,,,,,"cs:fossieltype",,,,,,,"cs:fossieltype"
"ct:286","skos:Concept","286","colt:fossieltype",,"Cyclopteris orbicularis",,,,,,,,,,,,,"cs:fossieltype",,,,,,,"cs:fossieltype"
"ct:287","skos:Concept","287","colt:fossieltype",,"Lepidostrobus squarrosus",,,,,,,,,,,,,"cs:fossieltype",,,,,,,"cs:fossieltype"
"ct:288","skos:Concept","288","colt:fossieltype",,"Lepidostrobus variabilis",,,,,,,,,,,,,"cs:fossieltype",,,,,,,"cs:fossieltype"
"ct:289","skos:Concept","289","colt:fossieltype",,"Anthraconauta minima phillipsii",,,,,,,,,,,,,"cs:fossieltype",,,,,,,"cs:fossieltype"
"ct:29","skos:Concept","29","colt:fossieltype",,"losse bladeren",,,,,,,,,,,,,"cs:fossieltype",,,,,,,"cs:fossieltype"
"ct:290","skos:Concept","290","colt:fossieltype",,"Lepidodendron lycopodioïdes",,,,,,,,,,,,,"cs:fossieltype",,,,,,,"cs:fossieltype"
"ct:291","skos:Concept","291","colt:fossieltype",,"Lepidodendron obovatum",,,,,,,,,,,,,"cs:fossieltype",,,,,,,"cs:fossieltype"
"ct:292","skos:Concept","292","colt:fossieltype",,"Lepidodendron ophiurus",,,,,,,,,,,,,"cs:fossieltype",,,,,,,"cs:fossieltype"
"ct:293","skos:Concept","293","colt:fossieltype",,"Lepidodendron sternbergi",,,,,,,,,,,,,"cs:fossieltype",,,,,,,"cs:fossieltype"
"ct:294","skos:Concept","294","colt:fossieltype",,"Lepidodendron wortheni",,,,,,,,,,,,,"cs:fossieltype",,,,,,,"cs:fossieltype"
"ct:295","skos:Concept","295","colt:fossieltype",,"Lepidophloios caricinus",,,,,,,,,,,,,"cs:fossieltype",,,,,,,"cs:fossieltype"
"ct:296","skos:Concept","296","colt:fossieltype",,"Lepidophloios laricinus",,,,,,,,,,,,,"cs:fossieltype",,,,,,,"cs:fossieltype"
"ct:297","skos:Concept","297","colt:fossieltype",,"Lepidophyllum lanceolatum",,,,,,,,,,,,,"cs:fossieltype",,,,,,,"cs:fossieltype"
"ct:298","skos:Concept","298","colt:fossieltype",,"Lepidophyllum obovatum",,,,,,,,,,,,,"cs:fossieltype",,,,,,,"cs:fossieltype"
"ct:299","skos:Concept","299","colt:fossieltype",,"Lepidophyllum triangulare",,,,,,,,,,,,,"cs:fossieltype",,,,,,,"cs:fossieltype"
"ct:3","skos:Concept","3","colt:fossieltype",,"Spirorbis sp.",,,,,,,,,,,,,"cs:fossieltype",,,,,,,"cs:fossieltype"
"ct:30","skos:Concept","30","colt:fossieltype",,"zaden",,,,,,,,,,,,,"cs:fossieltype",,,,,,,"cs:fossieltype"
"ct:300","skos:Concept","300","colt:fossieltype",,"Coelacanthus elegans",,,,,,,,,,,,,"cs:fossieltype",,,,,,,"cs:fossieltype"
"ct:301","skos:Concept","301","colt:fossieltype",,"Lingula mytiloïdes",,,,,,,,,,,,,"cs:fossieltype",,,,,,,"cs:fossieltype"
"ct:302","skos:Concept","302","colt:fossieltype",,"Linopteris obliqua",,,,,,,,,,,,,"cs:fossieltype",,,,,,,"cs:fossieltype"
"ct:303","skos:Concept","303","colt:fossieltype",,"Lonchopteris bricei",,,,,,,,,,,,,"cs:fossieltype",,,,,,,"cs:fossieltype"
"ct:304","skos:Concept","304","colt:fossieltype",,"Lycopodites carbonaceus",,,,,,,,,,,,,"cs:fossieltype",,,,,,,"cs:fossieltype"
"ct:305","skos:Concept","305","colt:fossieltype",,"Mariopteris acuta",,,,,,,,,,,,,"cs:fossieltype",,,,,,,"cs:fossieltype"
"ct:306","skos:Concept","306","colt:fossieltype",,"Mariopteris muricata",,,,,,,,,,,,,"cs:fossieltype",,,,,,,"cs:fossieltype"
"ct:307","skos:Concept","307","colt:fossieltype",,"Naiadites carinata",,,,,,,,,,,,,"cs:fossieltype",,,,,,,"cs:fossieltype"
"ct:308","skos:Concept","308","colt:fossieltype",,"Naiadites quadrata",,,,,,,,,,,,,"cs:fossieltype",,,,,,,"cs:fossieltype"
"ct:309","skos:Concept","309","colt:fossieltype",,"Neuropteris fleonosa",,,,,,,,,,,,,"cs:fossieltype",,,,,,,"cs:fossieltype"
"ct:31","skos:Concept","31","colt:fossieltype",,"Lepidodendron sp.",,,,,,,,,,,,,"cs:fossieltype",,,,,,,"cs:fossieltype"
"ct:310","skos:Concept","310","colt:fossieltype",,"Carbonicola callopristodus",,,,,,,,,,,,,"cs:fossieltype",,,,,,,"cs:fossieltype"
"ct:311","skos:Concept","311","colt:fossieltype",,"Neuropteris heterophylla",,,,,,,,,,,,,"cs:fossieltype",,,,,,,"cs:fossieltype"
"ct:312","skos:Concept","312","colt:fossieltype",,"Neuropteris antecedens",,,,,,,,,,,,,"cs:fossieltype",,,,,,,"cs:fossieltype"
"ct:313","skos:Concept","313","colt:fossieltype",,"Neuropteris obliqua",,,,,,,,,,,,,"cs:fossieltype",,,,,,,"cs:fossieltype"
"ct:314","skos:Concept","314","colt:fossieltype",,"Neuropteris rarinervis",,,,,,,,,,,,,"cs:fossieltype",,,,,,,"cs:fossieltype"
"ct:315","skos:Concept","315","colt:fossieltype",,"Neuropteris scheuchzeri",,,,,,,,,,,,,"cs:fossieltype",,,,,,,"cs:fossieltype"
"ct:316","skos:Concept","316","colt:fossieltype",,"Neuropteris sporenges",,,,,,,,,,,,,"cs:fossieltype",,,,,,,"cs:fossieltype"
"ct:317","skos:Concept","317","colt:fossieltype",,"Cheirodus sp.",,,,,,,,,,,,,"cs:fossieltype",,,,,,,"cs:fossieltype"
"ct:318","skos:Concept","318","colt:fossieltype",,"Palaeostachya pedunculata",,,,,,,,,,,,,"cs:fossieltype",,,,,,,"cs:fossieltype"
"ct:319","skos:Concept","319","colt:fossieltype",,"Palaeostachya volkmanni",,,,,,,,,,,,,"cs:fossieltype",,,,,,,"cs:fossieltype"
"ct:32","skos:Concept","32","colt:fossieltype",,"Lepidophyllum sp.",,,,,,,,,,,,,"cs:fossieltype",,,,,,,"cs:fossieltype"
"ct:320","skos:Concept","320","colt:fossieltype",,"Pecopteris aspera",,,,,,,,,,,,,"cs:fossieltype",,,,,,,"cs:fossieltype"
"ct:321","skos:Concept","321","colt:fossieltype",,"Pecopteris abbreviata",,,,,,,,,,,,,"cs:fossieltype",,,,,,,"cs:fossieltype"
"ct:322","skos:Concept","322","colt:fossieltype",,"Pecopteris dentata",,,,,,,,,,,,,"cs:fossieltype",,,,,,,"cs:fossieltype"
"ct:323","skos:Concept","323","colt:fossieltype",,"Pecopteris dentata var. delicatula",,,,,,,,,,,,,"cs:fossieltype",,,,,,,"cs:fossieltype"
"ct:324","skos:Concept","324","colt:fossieltype",,"Pecopteris plumosa",,,,,,,,,,,,,"cs:fossieltype",,,,,,,"cs:fossieltype"
"ct:325","skos:Concept","325","colt:fossieltype",,"Radicites columnaris",,,,,,,,,,,,,"cs:fossieltype",,,,,,,"cs:fossieltype"
"ct:326","skos:Concept","326","colt:fossieltype",,"Sigillaria elongata",,,,,,,,,,,,,"cs:fossieltype",,,,,,,"cs:fossieltype"
"ct:327","skos:Concept","327","colt:fossieltype",,"Sigillaria ovata",,,,,,,,,,,,,"cs:fossieltype",,,,,,,"cs:fossieltype"
"ct:328","skos:Concept","328","colt:fossieltype",,"Sigillaria rugosa",,,,,,,,,,,,,"cs:fossieltype",,,,,,,"cs:fossieltype"
"ct:329","skos:Concept","329","colt:fossieltype",,"Sigillaria scutellata",,,,,,,,,,,,,"cs:fossieltype",,,,,,,"cs:fossieltype"
"ct:33","skos:Concept","33","colt:fossieltype",,"Lepidostrobus sp.",,,,,,,,,,,,,"cs:fossieltype",,,,,,,"cs:fossieltype"
"ct:330","skos:Concept","330","colt:fossieltype",,"Sigillaria tessellata",,,,,,,,,,,,,"cs:fossieltype",,,,,,,"cs:fossieltype"
"ct:331","skos:Concept","331","colt:fossieltype",,"Sphenophyllum cuneifolium",,,,,,,,,,,,,"cs:fossieltype",,,,,,,"cs:fossieltype"
"ct:332","skos:Concept","332","colt:fossieltype",,"Sphenophyllum myriophyllum",,,,,,,,,,,,,"cs:fossieltype",,,,,,,"cs:fossieltype"
"ct:333","skos:Concept","333","colt:fossieltype",,"Sphenopteris artemisiaefolioides",,,,,,,,,,,,,"cs:fossieltype",,,,,,,"cs:fossieltype"
"ct:334","skos:Concept","334","colt:fossieltype",,"Sphenopteris coralloïdes",,,,,,,,,,,,,"cs:fossieltype",,,,,,,"cs:fossieltype"
"ct:335","skos:Concept","335","colt:fossieltype",,"Sphenopteris herbacea",,,,,,,,,,,,,"cs:fossieltype",,,,,,,"cs:fossieltype"
"ct:336","skos:Concept","336","colt:fossieltype",,"Sphenopteris hoeninghausi",,,,,,,,,,,,,"cs:fossieltype",,,,,,,"cs:fossieltype"
"ct:337","skos:Concept","337","colt:fossieltype",,"Sphenopteris obtusiloba",,,,,,,,,,,,,"cs:fossieltype",,,,,,,"cs:fossieltype"
"ct:338","skos:Concept","338","colt:fossieltype",,"Sphenopteris quadridactylites",,,,,,,,,,,,,"cs:fossieltype",,,,,,,"cs:fossieltype"
"ct:339","skos:Concept","339","colt:fossieltype",,"Sphenopteris trifoliolata",,,,,,,,,,,,,"cs:fossieltype",,,,,,,"cs:fossieltype"
"ct:34","skos:Concept","34","colt:fossieltype",,"Linopteris sp.",,,,,,,,,,,,,"cs:fossieltype",,,,,,,"cs:fossieltype"
"ct:340","skos:Concept","340","colt:fossieltype",,"Spirorbis carbonarius",,,,,,,,,,,,,"cs:fossieltype",,,,,,,"cs:fossieltype"
"ct:341","skos:Concept","341","colt:fossieltype",,"Stigmaria ficoïdes",,,,,,,,,,,,,"cs:fossieltype",,,,,,,"cs:fossieltype"
"ct:342","skos:Concept","342","colt:fossieltype",,"Trigonocarpus noeggerathi",,,,,,,,,,,,,"cs:fossieltype",,,,,,,"cs:fossieltype"
"ct:343","skos:Concept","343","colt:fossieltype",,"Ulodendron majus",,,,,,,,,,,,,"cs:fossieltype",,,,,,,"cs:fossieltype"
"ct:344","skos:Concept","344","colt:fossieltype",,"Asterophyllites charaeformis",,,,,,,,,,,,,"cs:fossieltype",,,,,,,"cs:fossieltype"
"ct:345","skos:Concept","345","colt:fossieltype",,"Cardita sp.",,,,,,,,,,,,,"cs:fossieltype",,,,,,,"cs:fossieltype"
"ct:346","skos:Concept","346","colt:fossieltype",,"Lucina sp.",,,,,,,,,,,,,"cs:fossieltype",,,,,,,"cs:fossieltype"
"ct:347","skos:Concept","347","colt:fossieltype",,"Cheirodus striatus",,,,,,,,,,,,,"cs:fossieltype",,,,,,,"cs:fossieltype"
"ct:348","skos:Concept","348","colt:fossieltype",,"Pinites sp.",,,,,,,,,,,,,"cs:fossieltype",,,,,,,"cs:fossieltype"
"ct:349","skos:Concept","349","colt:fossieltype",,"coniferen",,,,,,,,,,,,,"cs:fossieltype",,,,,,,"cs:fossieltype"
"ct:35","skos:Concept","35","colt:fossieltype",,"Lonchopteris sp.",,,,,,,,,,,,,"cs:fossieltype",,,,,,,"cs:fossieltype"
"ct:350","skos:Concept","350","colt:fossieltype",,"Murex sp.",,,,,,,,,,,,,"cs:fossieltype",,,,,,,"cs:fossieltype"
"ct:351","skos:Concept","351","colt:fossieltype",,"Arca sp.",,,,,,,,,,,,,"cs:fossieltype",,,,,,,"cs:fossieltype"
"ct:352","skos:Concept","352","colt:fossieltype",,"Nautilus sp.",,,,,,,,,,,,,"cs:fossieltype",,,,,,,"cs:fossieltype"
"ct:353","skos:Concept","353","colt:fossieltype",,"stromatolieten",,,,,,,,,,,,,"cs:fossieltype",,,,,,,"cs:fossieltype"
"ct:354","skos:Concept","354","colt:fossieltype",,"Pholadomya margaritacea",,,,,,,,,,,,,"cs:fossieltype",,,,,,,"cs:fossieltype"
"ct:355","skos:Concept","355","colt:fossieltype",,"Squales sp.",,,,,,,,,,,,,"cs:fossieltype",,,,,,,"cs:fossieltype"
"ct:356","skos:Concept","356","colt:fossieltype",,"Cardita kickxi",,,,,,,,,,,,,"cs:fossieltype",,,,,,,"cs:fossieltype"
"ct:357","skos:Concept","357","colt:fossieltype",,"Nummulites variolarius",,,,,,,,,,,,,"cs:fossieltype",,,,,,,"cs:fossieltype"
"ct:358","skos:Concept","358","colt:fossieltype",,"Pecten corneus",,,,,,,,,,,,,"cs:fossieltype",,,,,,,"cs:fossieltype"
"ct:359","skos:Concept","359","colt:fossieltype",,"Pecten plebejus",,,,,,,,,,,,,"cs:fossieltype",,,,,,,"cs:fossieltype"
"ct:36","skos:Concept","36","colt:fossieltype",,"Mariopteris sp.",,,,,,,,,,,,,"cs:fossieltype",,,,,,,"cs:fossieltype"
"ct:360","skos:Concept","360","colt:fossieltype",,"Pinna margaritacea",,,,,,,,,,,,,"cs:fossieltype",,,,,,,"cs:fossieltype"
"ct:361","skos:Concept","361","colt:fossieltype",,"Nummulites planulatus",,,,,,,,,,,,,"cs:fossieltype",,,,,,,"cs:fossieltype"
"ct:362","skos:Concept","362","colt:fossieltype",,"Odontaspis winkleri",,,,,,,,,,,,,"cs:fossieltype",,,,,,,"cs:fossieltype"
"ct:363","skos:Concept","363","colt:fossieltype",,"Nodosaria raphanistrum",,,,,,,,,,,,,"cs:fossieltype",,,,,,,"cs:fossieltype"
"ct:364","skos:Concept","364","colt:fossieltype",,"Balanocrinus sp.",,,,,,,,,,,,,"cs:fossieltype",,,,,,,"cs:fossieltype"
"ct:365","skos:Concept","365","colt:fossieltype",,"Micraster sp.",,,,,,,,,,,,,"cs:fossieltype",,,,,,,"cs:fossieltype"
"ct:366","skos:Concept","366","colt:fossieltype",,"Pecten campaniensis",,,,,,,,,,,,,"cs:fossieltype",,,,,,,"cs:fossieltype"
"ct:367","skos:Concept","367","colt:fossieltype",,"Inoceramus balticus",,,,,,,,,,,,,"cs:fossieltype",,,,,,,"cs:fossieltype"
"ct:368","skos:Concept","368","colt:fossieltype",,"Inoceramus lamarcki var. websteri",,,,,,,,,,,,,"cs:fossieltype",,,,,,,"cs:fossieltype"
"ct:369","skos:Concept","369","colt:fossieltype",,"Vola sexcostata",,,,,,,,,,,,,"cs:fossieltype",,,,,,,"cs:fossieltype"
"ct:37","skos:Concept","37","colt:fossieltype",,"Neuropteris sp.",,,,,,,,,,,,,"cs:fossieltype",,,,,,,"cs:fossieltype"
"ct:370","skos:Concept","370","colt:fossieltype",,"Magas pumilus",,,,,,,,,,,,,"cs:fossieltype",,,,,,,"cs:fossieltype"
"ct:371","skos:Concept","371","colt:fossieltype",,"Pteria coerulescens",,,,,,,,,,,,,"cs:fossieltype",,,,,,,"cs:fossieltype"
"ct:372","skos:Concept","372","colt:fossieltype",,"Pteria sp.",,,,,,,,,,,,,"cs:fossieltype",,,,,,,"cs:fossieltype"
"ct:373","skos:Concept","373","colt:fossieltype",,"Teredo voracissima",,,,,,,,,,,,,"cs:fossieltype",,,,,,,"cs:fossieltype"
"ct:374","skos:Concept","374","colt:fossieltype",,"Trigonia vaalsiensis",,,,,,,,,,,,,"cs:fossieltype",,,,,,,"cs:fossieltype"
"ct:375","skos:Concept","375","colt:fossieltype",,"Crassatella sp.",,,,,,,,,,,,,"cs:fossieltype",,,,,,,"cs:fossieltype"
"ct:376","skos:Concept","376","colt:fossieltype",,"Crassatella aracaea",,,,,,,,,,,,,"cs:fossieltype",,,,,,,"cs:fossieltype"
"ct:377","skos:Concept","377","colt:fossieltype",,"Schlotheimia sp.",,,,,,,,,,,,,"cs:fossieltype",,,,,,,"cs:fossieltype"
"ct:378","skos:Concept","378","colt:fossieltype",,"Schlotheimia angulata",,,,,,,,,,,,,"cs:fossieltype",,,,,,,"cs:fossieltype"
"ct:379","skos:Concept","379","colt:fossieltype",,"Schlotheimia charmassei",,,,,,,,,,,,,"cs:fossieltype",,,,,,,"cs:fossieltype"
"ct:38","skos:Concept","38","colt:fossieltype",,"Pecopteris sp.",,,,,,,,,,,,,"cs:fossieltype",,,,,,,"cs:fossieltype"
"ct:380","skos:Concept","380","colt:fossieltype",,"Lingula tenuissima",,,,,,,,,,,,,"cs:fossieltype",,,,,,,"cs:fossieltype"
"ct:381","skos:Concept","381","colt:fossieltype",,"krabben",,,,,,,,,,,,,"cs:fossieltype",,,,,,,"cs:fossieltype"
"ct:382","skos:Concept","382","colt:fossieltype",,"Dosinia sp.",,,,,,,,,,,,,"cs:fossieltype",,,,,,,"cs:fossieltype"
"ct:383","skos:Concept","383","colt:fossieltype",,"Geinitzia sp.",,,,,,,,,,,,,"cs:fossieltype",,,,,,,"cs:fossieltype"
"ct:384","skos:Concept","384","colt:fossieltype",,"Geinitzia elegans",,,,,,,,,,,,,"cs:fossieltype",,,,,,,"cs:fossieltype"
"ct:385","skos:Concept","385","colt:fossieltype",,"Turritella sexlineata",,,,,,,,,,,,,"cs:fossieltype",,,,,,,"cs:fossieltype"
"ct:386","skos:Concept","386","colt:fossieltype",,"Cucullea matheroniana",,,,,,,,,,,,,"cs:fossieltype",,,,,,,"cs:fossieltype"
"ct:387","skos:Concept","387","colt:fossieltype",,"Turritella multilincata",,,,,,,,,,,,,"cs:fossieltype",,,,,,,"cs:fossieltype"
"ct:388","skos:Concept","388","colt:fossieltype",,"Terebella sp.",,,,,,,,,,,,,"cs:fossieltype",,,,,,,"cs:fossieltype"
"ct:389","skos:Concept","389","colt:fossieltype",,"Terebella lewiensis",,,,,,,,,,,,,"cs:fossieltype",,,,,,,"cs:fossieltype"
"ct:39","skos:Concept","39","colt:fossieltype",,"Pinnularia sp.",,,,,,,,,,,,,"cs:fossieltype",,,,,,,"cs:fossieltype"
"ct:390","skos:Concept","390","colt:fossieltype",,"Neuropteris linguaefolia",,,,,,,,,,,,,"cs:fossieltype",,,,,,,"cs:fossieltype"
"ct:391","skos:Concept","391","colt:fossieltype",,"Sphenopteris striata",,,,,,,,,,,,,"cs:fossieltype",,,,,,,"cs:fossieltype"
"ct:392","skos:Concept","392","colt:fossieltype",,"Sphenopteris neuropteroides",,,,,,,,,,,,,"cs:fossieltype",,,,,,,"cs:fossieltype"
"ct:393","skos:Concept","393","colt:fossieltype",,"Artisia transversa",,,,,,,,,,,,,"cs:fossieltype",,,,,,,"cs:fossieltype"
"ct:394","skos:Concept","394","colt:fossieltype",,"Neuropteris pseudogigantea",,,,,,,,,,,,,"cs:fossieltype",,,,,,,"cs:fossieltype"
"ct:395","skos:Concept","395","colt:fossieltype",,"Lepidodendron dissitum",,,,,,,,,,,,,"cs:fossieltype",,,,,,,"cs:fossieltype"
"ct:396","skos:Concept","396","colt:fossieltype",,"Radicites capillacea",,,,,,,,,,,,,"cs:fossieltype",,,,,,,"cs:fossieltype"
"ct:397","skos:Concept","397","colt:fossieltype",,"Lepidophloios acerosus",,,,,,,,,,,,,"cs:fossieltype",,,,,,,"cs:fossieltype"
"ct:398","skos:Concept","398","colt:fossieltype",,"Asolanus camptotaenia",,,,,,,,,,,,,"cs:fossieltype",,,,,,,"cs:fossieltype"
"ct:399","skos:Concept","399","colt:fossieltype",,"Annularia sphenophylloides",,,,,,,,,,,,,"cs:fossieltype",,,,,,,"cs:fossieltype"
"ct:4","skos:Concept","4","colt:fossieltype",,"Lingula sp.",,,,,,,,,,,,,"cs:fossieltype",,,,,,,"cs:fossieltype"
"ct:40","skos:Concept","40","colt:fossieltype",,"Radicites sp.",,,,,,,,,,,,,"cs:fossieltype",,,,,,,"cs:fossieltype"
"ct:400","skos:Concept","400","colt:fossieltype",,"Mariopteris sauveuri",,,,,,,,,,,,,"cs:fossieltype",,,,,,,"cs:fossieltype"
"ct:401","skos:Concept","401","colt:fossieltype",,"Mariopteris latifolia",,,,,,,,,,,,,"cs:fossieltype",,,,,,,"cs:fossieltype"
"ct:402","skos:Concept","402","colt:fossieltype",,"Pecopteris avoldensis",,,,,,,,,,,,,"cs:fossieltype",,,,,,,"cs:fossieltype"
"ct:403","skos:Concept","403","colt:fossieltype",,"Sphenopteris nummularia",,,,,,,,,,,,,"cs:fossieltype",,,,,,,"cs:fossieltype"
"ct:404","skos:Concept","404","colt:fossieltype",,"Carbonia fabulina",,,,,,,,,,,,,"cs:fossieltype",,,,,,,"cs:fossieltype"
"ct:405","skos:Concept","405","colt:fossieltype",,"Carpolites perpusillus",,,,,,,,,,,,,"cs:fossieltype",,,,,,,"cs:fossieltype"
"ct:406","skos:Concept","406","colt:fossieltype",,"Naiadites modiolaris",,,,,,,,,,,,,"cs:fossieltype",,,,,,,"cs:fossieltype"
"ct:407","skos:Concept","407","colt:fossieltype",,"Ostrea goldfussi",,,,,,,,,,,,,"cs:fossieltype",,,,,,,"cs:fossieltype"
"ct:409","skos:Concept","409","colt:fossieltype",,"Calamites verticillatus",,,,,,,,,,,,,"cs:fossieltype",,,,,,,"cs:fossieltype"
"ct:41","skos:Concept","41","colt:fossieltype",,"Samaropsis sp.",,,,,,,,,,,,,"cs:fossieltype",,,,,,,"cs:fossieltype"
"ct:410","skos:Concept","410","colt:fossieltype",,"Annularia microphylla",,,,,,,,,,,,,"cs:fossieltype",,,,,,,"cs:fossieltype"
"ct:411","skos:Concept","411","colt:fossieltype",,"Adiantites sessilis",,,,,,,,,,,,,"cs:fossieltype",,,,,,,"cs:fossieltype"
"ct:412","skos:Concept","412","colt:fossieltype",,"Alethopteris davreuxi",,,,,,,,,,,,,"cs:fossieltype",,,,,,,"cs:fossieltype"
"ct:413","skos:Concept","413","colt:fossieltype",,"Alethopteris decurrens var. Gracillima",,,,,,,,,,,,,"cs:fossieltype",,,,,,,"cs:fossieltype"
"ct:414","skos:Concept","414","colt:fossieltype",,"Alethopteris gracillima",,,,,,,,,,,,,"cs:fossieltype",,,,,,,"cs:fossieltype"
"ct:415","skos:Concept","415","colt:fossieltype",,"Alethopteris valida",,,,,,,,,,,,,"cs:fossieltype",,,,,,,"cs:fossieltype"
"ct:416","skos:Concept","416","colt:fossieltype",,"Annularia gallioides",,,,,,,,,,,,,"cs:fossieltype",,,,,,,"cs:fossieltype"
"ct:417","skos:Concept","417","colt:fossieltype",,"Annularia ramosa",,,,,,,,,,,,,"cs:fossieltype",,,,,,,"cs:fossieltype"
"ct:418","skos:Concept","418","colt:fossieltype",,"Anomya sp.",,,,,,,,,,,,,"cs:fossieltype",,,,,,,"cs:fossieltype"
"ct:419","skos:Concept","419","colt:fossieltype",,"Anthracomya discordata",,,,,,,,,,,,,"cs:fossieltype",,,,,,,"cs:fossieltype"
"ct:42","skos:Concept","42","colt:fossieltype",,"Sigillaria sp.",,,,,,,,,,,,,"cs:fossieltype",,,,,,,"cs:fossieltype"
"ct:420","skos:Concept","420","colt:fossieltype",,"Anthracomya minima Phillipsii",,,,,,,,,,,,,"cs:fossieltype",,,,,,,"cs:fossieltype"
"ct:421","skos:Concept","421","colt:fossieltype",,"Anthracomya oblonga",,,,,,,,,,,,,"cs:fossieltype",,,,,,,"cs:fossieltype"
"ct:422","skos:Concept","422","colt:fossieltype",,"Anthracomya wardi",,,,,,,,,,,,,"cs:fossieltype",,,,,,,"cs:fossieltype"
"ct:423","skos:Concept","423","colt:fossieltype",,"Anthraconauta minima",,,,,,,,,,,,,"cs:fossieltype",,,,,,,"cs:fossieltype"
"ct:424","skos:Concept","424","colt:fossieltype",,"Anthraconauta Phillipsii",,,,,,,,,,,,,"cs:fossieltype",,,,,,,"cs:fossieltype"
"ct:425","skos:Concept","425","colt:fossieltype",,"Anthraconauta scotica",,,,,,,,,,,,,"cs:fossieltype",,,,,,,"cs:fossieltype"
"ct:426","skos:Concept","426","colt:fossieltype",,"Anthraconauta subovata",,,,,,,,,,,,,"cs:fossieltype",,,,,,,"cs:fossieltype"
"ct:427","skos:Concept","427","colt:fossieltype",,"Aporrhais sp.",,,,,,,,,,,,,"cs:fossieltype",,,,,,,"cs:fossieltype"
"ct:428","skos:Concept","428","colt:fossieltype",,"Arthyris sp.",,,,,,,,,,,,,"cs:fossieltype",,,,,,,"cs:fossieltype"
"ct:429","skos:Concept","429","colt:fossieltype",,"Asterophyllites myriophyllum",,,,,,,,,,,,,"cs:fossieltype",,,,,,,"cs:fossieltype"
"ct:43","skos:Concept","43","colt:fossieltype",,"Sphenophyllum sp.",,,,,,,,,,,,,"cs:fossieltype",,,,,,,"cs:fossieltype"
"ct:430","skos:Concept","430","colt:fossieltype",,"Asterophyllites longifolius",,,,,,,,,,,,,"cs:fossieltype",,,,,,,"cs:fossieltype"
"ct:431","skos:Concept","431","colt:fossieltype",,"Asterophyllites lycopodioides",,,,,,,,,,,,,"cs:fossieltype",,,,,,,"cs:fossieltype"
"ct:432","skos:Concept","432","colt:fossieltype",,"Asterophyllites roehli",,,,,,,,,,,,,"cs:fossieltype",,,,,,,"cs:fossieltype"
"ct:433","skos:Concept","433","colt:fossieltype",,"Asterotheca miltoni",,,,,,,,,,,,,"cs:fossieltype",,,,,,,"cs:fossieltype"
"ct:434","skos:Concept","434","colt:fossieltype",,"Asterotheca sp.",,,,,,,,,,,,,"cs:fossieltype",,,,,,,"cs:fossieltype"
"ct:435","skos:Concept","435","colt:fossieltype",,"Aulacopteris vulgaris",,,,,,,,,,,,,"cs:fossieltype",,,,,,,"cs:fossieltype"
"ct:436","skos:Concept","436","colt:fossieltype",,"Bellinurus Céphaloth.",,,,,,,,,,,,,"cs:fossieltype",,,,,,,"cs:fossieltype"
"ct:437","skos:Concept","437","colt:fossieltype",,"Bellinurus reginae",,,,,,,,,,,,,"cs:fossieltype",,,,,,,"cs:fossieltype"
"ct:438","skos:Concept","438","colt:fossieltype",,"Beyrichia arcuata",,,,,,,,,,,,,"cs:fossieltype",,,,,,,"cs:fossieltype"
"ct:439","skos:Concept","439","colt:fossieltype",,"Beyrichia sp.",,,,,,,,,,,,,"cs:fossieltype",,,,,,,"cs:fossieltype"
"ct:44","skos:Concept","44","colt:fossieltype",,"Sphenopteris sp.",,,,,,,,,,,,,"cs:fossieltype",,,,,,,"cs:fossieltype"
"ct:440","skos:Concept","440","colt:fossieltype",,"Bothrodendron punctatum",,,,,,,,,,,,,"cs:fossieltype",,,,,,,"cs:fossieltype"
"ct:441","skos:Concept","441","colt:fossieltype",,"Bothrostrobus olryi",,,,,,,,,,,,,"cs:fossieltype",,,,,,,"cs:fossieltype"
"ct:442","skos:Concept","442","colt:fossieltype",,"Bourgueticrinus sp.",,,,,,,,,,,,,"cs:fossieltype",,,,,,,"cs:fossieltype"
"ct:443","skos:Concept","443","colt:fossieltype",,"Calamites approximatus",,,,,,,,,,,,,"cs:fossieltype",,,,,,,"cs:fossieltype"
"ct:444","skos:Concept","444","colt:fossieltype",,"Calamites carinatus",,,,,,,,,,,,,"cs:fossieltype",,,,,,,"cs:fossieltype"
"ct:445","skos:Concept","445","colt:fossieltype",,"Calamites ostraviensis",,,,,,,,,,,,,"cs:fossieltype",,,,,,,"cs:fossieltype"
"ct:446","skos:Concept","446","colt:fossieltype",,"Calamites paleaceus",,,,,,,,,,,,,"cs:fossieltype",,,,,,,"cs:fossieltype"
"ct:447","skos:Concept","447","colt:fossieltype",,"Calamites semicircularis",,,,,,,,,,,,,"cs:fossieltype",,,,,,,"cs:fossieltype"
"ct:448","skos:Concept","448","colt:fossieltype",,"Calamites undulatus",,,,,,,,,,,,,"cs:fossieltype",,,,,,,"cs:fossieltype"
"ct:45","skos:Concept","45","colt:fossieltype",,"sporen / sporenregen",,,,,,,,,,,,,"cs:fossieltype",,,,,,,"cs:fossieltype"
"ct:450","skos:Concept","450","colt:fossieltype",,"Calamostachys ramosa",,,,,,,,,,,,,"cs:fossieltype",,,,,,,"cs:fossieltype"
"ct:451","skos:Concept","451","colt:fossieltype",,"Carbonia acuta",,,,,,,,,,,,,"cs:fossieltype",,,,,,,"cs:fossieltype"
"ct:453","skos:Concept","453","colt:fossieltype",,"Carbonicola acuta vel. Robusta",,,,,,,,,,,,,"cs:fossieltype",,,,,,,"cs:fossieltype"
"ct:454","skos:Concept","454","colt:fossieltype",,"Carbonicola obtusa",,,,,,,,,,,,,"cs:fossieltype",,,,,,,"cs:fossieltype"
"ct:455","skos:Concept","455","colt:fossieltype",,"Carbonicola phrygiana",,,,,,,,,,,,,"cs:fossieltype",,,,,,,"cs:fossieltype"
"ct:456","skos:Concept","456","colt:fossieltype",,"Carbonicola pyritisées",,,,,,,,,,,,,"cs:fossieltype",,,,,,,"cs:fossieltype"
"ct:457","skos:Concept","457","colt:fossieltype",,"Carbonicola robusta",,,,,,,,,,,,,"cs:fossieltype",,,,,,,"cs:fossieltype"
"ct:46","skos:Concept","46","colt:fossieltype",,"takjes / twijgen",,,,,,,,,,,,,"cs:fossieltype",,,,,,,"cs:fossieltype"
"ct:460","skos:Concept","460","colt:fossieltype",,"Carbonicola turgida",,,,,,,,,,,,,"cs:fossieltype",,,,,,,"cs:fossieltype"
"ct:461","skos:Concept","461","colt:fossieltype",,"Cingularia sp.",,,,,,,,,,,,,"cs:fossieltype",,,,,,,"cs:fossieltype"
"ct:462","skos:Concept","462","colt:fossieltype",,"Cingularia typica",,,,,,,,,,,,,"cs:fossieltype",,,,,,,"cs:fossieltype"
"ct:463","skos:Concept","463","colt:fossieltype",,"Cochlichnus sp.",,,,,,,,,,,,,"cs:fossieltype",,,,,,,"cs:fossieltype"
"ct:464","skos:Concept","464","colt:fossieltype",,"Cordaianthus pitcairniae",,,,,,,,,,,,,"cs:fossieltype",,,,,,,"cs:fossieltype"
"ct:465","skos:Concept","465","colt:fossieltype",,"Cordaianthus sp.",,,,,,,,,,,,,"cs:fossieltype",,,,,,,"cs:fossieltype"
"ct:466","skos:Concept","466","colt:fossieltype",,"Cordaicarpus cordai",,,,,,,,,,,,,"cs:fossieltype",,,,,,,"cs:fossieltype"
"ct:467","skos:Concept","467","colt:fossieltype",,"Cordaicarpus gutbieri",,,,,,,,,,,,,"cs:fossieltype",,,,,,,"cs:fossieltype"
"ct:468","skos:Concept","468","colt:fossieltype",,"Cordaicarpus sp.",,,,,,,,,,,,,"cs:fossieltype",,,,,,,"cs:fossieltype"
"ct:47","skos:Concept","47","colt:fossieltype",,"Stigmaria sp.",,,,,,,,,,,,,"cs:fossieltype",,,,,,,"cs:fossieltype"
"ct:470","skos:Concept","470","colt:fossieltype",,"Cordaites palmaeformis",,,,,,,,,,,,,"cs:fossieltype",,,,,,,"cs:fossieltype"
"ct:471","skos:Concept","471","colt:fossieltype",,"Cordaites principalis",,,,,,,,,,,,,"cs:fossieltype",,,,,,,"cs:fossieltype"
"ct:472","skos:Concept","472","colt:fossieltype",,"Cornuspira sp.",,,,,,,,,,,,,"cs:fossieltype",,,,,,,"cs:fossieltype"
"ct:473","skos:Concept","473","colt:fossieltype",,"Corynepteris sternbergi",,,,,,,,,,,,,"cs:fossieltype",,,,,,,"cs:fossieltype"
"ct:474","skos:Concept","474","colt:fossieltype",,"Crania sp.",,,,,,,,,,,,,"cs:fossieltype",,,,,,,"cs:fossieltype"
"ct:475","skos:Concept","475","colt:fossieltype",,"Crossotheca schatzlarensis",,,,,,,,,,,,,"cs:fossieltype",,,,,,,"cs:fossieltype"
"ct:476","skos:Concept","476","colt:fossieltype",,"Crossotheca sp.",,,,,,,,,,,,,"cs:fossieltype",,,,,,,"cs:fossieltype"
"ct:477","skos:Concept","477","colt:fossieltype",,"Cucullea sp.",,,,,,,,,,,,,"cs:fossieltype",,,,,,,"cs:fossieltype"
"ct:478","skos:Concept","478","colt:fossieltype",,"Cyprimeria sp.",,,,,,,,,,,,,"cs:fossieltype",,,,,,,"cs:fossieltype"
"ct:479","skos:Concept","479","colt:fossieltype",,"Diplotmema furcatum",,,,,,,,,,,,,"cs:fossieltype",,,,,,,"cs:fossieltype"
"ct:48","skos:Concept","48","colt:fossieltype",,"Ulodendron sp.",,,,,,,,,,,,,"cs:fossieltype",,,,,,,"cs:fossieltype"
"ct:480","skos:Concept","480","colt:fossieltype",,"Elonichthys aitkeni",,,,,,,,,,,,,"cs:fossieltype",,,,,,,"cs:fossieltype"
"ct:481","skos:Concept","481","colt:fossieltype",,"Elonichthys denticulatus",,,,,,,,,,,,,"cs:fossieltype",,,,,,,"cs:fossieltype"
"ct:483","skos:Concept","483","colt:fossieltype",,"Entalis sp.",,,,,,,,,,,,,"cs:fossieltype",,,,,,,"cs:fossieltype"
"ct:484","skos:Concept","484","colt:fossieltype",,"Eriphyla sp.",,,,,,,,,,,,,"cs:fossieltype",,,,,,,"cs:fossieltype"
"ct:485","skos:Concept","485","colt:fossieltype",,"Estheria simoni",,,,,,,,,,,,,"cs:fossieltype",,,,,,,"cs:fossieltype"
"ct:486","skos:Concept","486","colt:fossieltype",,"Estheria sp.",,,,,,,,,,,,,"cs:fossieltype",,,,,,,"cs:fossieltype"
"ct:487","skos:Concept","487","colt:fossieltype",,"Gervillia sp.",,,,,,,,,,,,,"cs:fossieltype",,,,,,,"cs:fossieltype"
"ct:488","skos:Concept","488","colt:fossieltype",,"Gulpenia limburgensis",,,,,,,,,,,,,"cs:fossieltype",,,,,,,"cs:fossieltype"
"ct:489","skos:Concept","489","colt:fossieltype",,"Gulpenia sp.",,,,,,,,,,,,,"cs:fossieltype",,,,,,,"cs:fossieltype"
"ct:49","skos:Concept","49","colt:fossieltype",,"Ulostrobus sp.",,,,,,,,,,,,,"cs:fossieltype",,,,,,,"cs:fossieltype"
"ct:490","skos:Concept","490","colt:fossieltype",,"Leaia tricarinata",,,,,,,,,,,,,"cs:fossieltype",,,,,,,"cs:fossieltype"
"ct:494","skos:Concept","494","colt:fossieltype",,"Lepidodendron dichotomum",,,,,,,,,,,,,"cs:fossieltype",,,,,,,"cs:fossieltype"
"ct:496","skos:Concept","496","colt:fossieltype",,"Lepidophyllum majus",,,,,,,,,,,,,"cs:fossieltype",,,,,,,"cs:fossieltype"
"ct:497","skos:Concept","497","colt:fossieltype",,"Lepidophyllum waldenburgense",,,,,,,,,,,,,"cs:fossieltype",,,,,,,"cs:fossieltype"
"ct:498","skos:Concept","498","colt:fossieltype",,"Lepidostrobus ornatus",,,,,,,,,,,,,"cs:fossieltype",,,,,,,"cs:fossieltype"
"ct:499","skos:Concept","499","colt:fossieltype",,"Lepidostrobus sparrosus",,,,,,,,,,,,,"cs:fossieltype",,,,,,,"cs:fossieltype"
"ct:5","skos:Concept","5","colt:fossieltype",,"Carbonicola sp.",,,,,,,,,,,,,"cs:fossieltype",,,,,,,"cs:fossieltype"
"ct:50","skos:Concept","50","colt:fossieltype",,"Cantheliophorus sp.",,,,,,,,,,,,,"cs:fossieltype",,,,,,,"cs:fossieltype"
"ct:500","skos:Concept","500","colt:fossieltype",,"Lepidostrobus spinosus",,,,,,,,,,,,,"cs:fossieltype",,,,,,,"cs:fossieltype"
"ct:501","skos:Concept","501","colt:fossieltype",,"Limatula sp.",,,,,,,,,,,,,"cs:fossieltype",,,,,,,"cs:fossieltype"
"ct:502","skos:Concept","502","colt:fossieltype",,"Lingula squamiformis",,,,,,,,,,,,,"cs:fossieltype",,,,,,,"cs:fossieltype"
"ct:503","skos:Concept","503","colt:fossieltype",,"Linopteris muensteri",,,,,,,,,,,,,"cs:fossieltype",,,,,,,"cs:fossieltype"
"ct:504","skos:Concept","504","colt:fossieltype",,"Linopteris neuropteroides",,,,,,,,,,,,,"cs:fossieltype",,,,,,,"cs:fossieltype"
"ct:505","skos:Concept","505","colt:fossieltype",,"Linopteris neuropteroides var. Major",,,,,,,,,,,,,"cs:fossieltype",,,,,,,"cs:fossieltype"
"ct:506","skos:Concept","506","colt:fossieltype",,"Liopistha sp.",,,,,,,,,,,,,"cs:fossieltype",,,,,,,"cs:fossieltype"
"ct:507","skos:Concept","507","colt:fossieltype",,"Lispodesthes sp.",,,,,,,,,,,,,"cs:fossieltype",,,,,,,"cs:fossieltype"
"ct:508","skos:Concept","508","colt:fossieltype",,"Lonchopteris eschweileriana",,,,,,,,,,,,,"cs:fossieltype",,,,,,,"cs:fossieltype"
"ct:509","skos:Concept","509","colt:fossieltype",,"Lonchopteris rugosa",,,,,,,,,,,,,"cs:fossieltype",,,,,,,"cs:fossieltype"
"ct:51","skos:Concept","51","colt:fossieltype",,"Myriophyllites sp.",,,,,,,,,,,,,"cs:fossieltype",,,,,,,"cs:fossieltype"
"ct:510","skos:Concept","510","colt:fossieltype",,"Lunatia sp.",,,,,,,,,,,,,"cs:fossieltype",,,,,,,"cs:fossieltype"
"ct:512","skos:Concept","512","colt:fossieltype",,"Magas sp.",,,,,,,,,,,,,"cs:fossieltype",,,,,,,"cs:fossieltype"
"ct:513","skos:Concept","513","colt:fossieltype",,"Mariopteris dernoncourti",,,,,,,,,,,,,"cs:fossieltype",,,,,,,"cs:fossieltype"
"ct:514","skos:Concept","514","colt:fossieltype",,"Mariopteris muricata acuta",,,,,,,,,,,,,"cs:fossieltype",,,,,,,"cs:fossieltype"
"ct:515","skos:Concept","515","colt:fossieltype",,"Mariopteris muricata sauveuri",,,,,,,,,,,,,"cs:fossieltype",,,,,,,"cs:fossieltype"
"ct:516","skos:Concept","516","colt:fossieltype",,"Mariopteris nervosa",,,,,,,,,,,,,"cs:fossieltype",,,,,,,"cs:fossieltype"
"ct:517","skos:Concept","517","colt:fossieltype",,"Mariopteris sphenopteroides",,,,,,,,,,,,,"cs:fossieltype",,,,,,,"cs:fossieltype"
"ct:518","skos:Concept","518","colt:fossieltype",,"Megalichthys cocolepis",,,,,,,,,,,,,"cs:fossieltype",,,,,,,"cs:fossieltype"
"ct:519","skos:Concept","519","colt:fossieltype",,"Megalichthys sp.",,,,,,,,,,,,,"cs:fossieltype",,,,,,,"cs:fossieltype"
"ct:52","skos:Concept","52","colt:fossieltype",,"Planolites ophthalmoides",,,,,,,,,,,,,"cs:fossieltype",,,,,,,"cs:fossieltype"
"ct:520","skos:Concept","520","colt:fossieltype",,"Myriophyllites columnaris",,,,,,,,,,,,,"cs:fossieltype",,,,,,,"cs:fossieltype"
"ct:521","skos:Concept","521","colt:fossieltype",,"Naiadites carinata aquilina",,,,,,,,,,,,,"cs:fossieltype",,,,,,,"cs:fossieltype"
"ct:522","skos:Concept","522","colt:fossieltype",,"Naiadites flexuosa",,,,,,,,,,,,,"cs:fossieltype",,,,,,,"cs:fossieltype"
"ct:523","skos:Concept","523","colt:fossieltype",,"Naiadites sowerbyi",,,,,,,,,,,,,"cs:fossieltype",,,,,,,"cs:fossieltype"
"ct:524","skos:Concept","524","colt:fossieltype",,"Neuropteris abbreviata",,,,,,,,,,,,,"cs:fossieltype",,,,,,,"cs:fossieltype"
"ct:525","skos:Concept","525","colt:fossieltype",,"Neuropteris flexuosa",,,,,,,,,,,,,"cs:fossieltype",,,,,,,"cs:fossieltype"
"ct:526","skos:Concept","526","colt:fossieltype",,"Neuropteris gigantea abbreviata",,,,,,,,,,,,,"cs:fossieltype",,,,,,,"cs:fossieltype"
"ct:528","skos:Concept","528","colt:fossieltype",,"Neuropteris gigantea vera",,,,,,,,,,,,,"cs:fossieltype",,,,,,,"cs:fossieltype"
"ct:53","skos:Concept","53","colt:fossieltype",,"Planolites montanus",,,,,,,,,,,,,"cs:fossieltype",,,,,,,"cs:fossieltype"
"ct:530","skos:Concept","530","colt:fossieltype",,"Neuropteris heterophylla hollandica",,,,,,,,,,,,,"cs:fossieltype",,,,,,,"cs:fossieltype"
"ct:531","skos:Concept","531","colt:fossieltype",,"Neuropteris heterophylla linguaefolia",,,,,,,,,,,,,"cs:fossieltype",,,,,,,"cs:fossieltype"
"ct:533","skos:Concept","533","colt:fossieltype",,"Neuropteris hollandica",,,,,,,,,,,,,"cs:fossieltype",,,,,,,"cs:fossieltype"
"ct:534","skos:Concept","534","colt:fossieltype",,"Neuropteris hollandica heterophylla",,,,,,,,,,,,,"cs:fossieltype",,,,,,,"cs:fossieltype"
"ct:535","skos:Concept","535","colt:fossieltype",,"Neuropteris hollandica tenuifolia",,,,,,,,,,,,,"cs:fossieltype",,,,,,,"cs:fossieltype"
"ct:537","skos:Concept","537","colt:fossieltype",,"Neuropteris obliqua var. Impar",,,,,,,,,,,,,"cs:fossieltype",,,,,,,"cs:fossieltype"
"ct:538","skos:Concept","538","colt:fossieltype",,"Neuropteris schlehani",,,,,,,,,,,,,"cs:fossieltype",,,,,,,"cs:fossieltype"
"ct:54","skos:Concept","54","colt:fossieltype",,"Sinusites = Cochlichnus",,,,,,,,,,,,,"cs:fossieltype",,,,,,,"cs:fossieltype"
"ct:540","skos:Concept","540","colt:fossieltype",,"Neuropteris tenuifolia heterophylla",,,,,,,,,,,,,"cs:fossieltype",,,,,,,"cs:fossieltype"
"ct:541","skos:Concept","541","colt:fossieltype",,"Neuropteris tenuifolia hollandica",,,,,,,,,,,,,"cs:fossieltype",,,,,,,"cs:fossieltype"
"ct:544","skos:Concept","544","colt:fossieltype",,"Nuculochlamys attenuata",,,,,,,,,,,,,"cs:fossieltype",,,,,,,"cs:fossieltype"
"ct:545","skos:Concept","545","colt:fossieltype",,"Nuculochlamys sp.",,,,,,,,,,,,,"cs:fossieltype",,,,,,,"cs:fossieltype"
"ct:546","skos:Concept","546","colt:fossieltype",,"Nummulites sp.",,,,,,,,,,,,,"cs:fossieltype",,,,,,,"cs:fossieltype"
"ct:547","skos:Concept","547","colt:fossieltype",,"Odontaspis sp.",,,,,,,,,,,,,"cs:fossieltype",,,,,,,"cs:fossieltype"
"ct:548","skos:Concept","548","colt:fossieltype",,"Orbiculoides missouriensis",,,,,,,,,,,,,"cs:fossieltype",,,,,,,"cs:fossieltype"
"ct:55","skos:Concept","55","colt:fossieltype",,"Guilielmites sp.",,,,,,,,,,,,,"cs:fossieltype",,,,,,,"cs:fossieltype"
"ct:552","skos:Concept","552","colt:fossieltype",,"Palaeoxyris helicteroides",,,,,,,,,,,,,"cs:fossieltype",,,,,,,"cs:fossieltype"
"ct:553","skos:Concept","553","colt:fossieltype",,"Palmatopteris furcata",,,,,,,,,,,,,"cs:fossieltype",,,,,,,"cs:fossieltype"
"ct:554","skos:Concept","554","colt:fossieltype",,"Palmatopteris furcata var. linearis",,,,,,,,,,,,,"cs:fossieltype",,,,,,,"cs:fossieltype"
"ct:555","skos:Concept","555","colt:fossieltype",,"Pecopteris miltoni",,,,,,,,,,,,,"cs:fossieltype",,,,,,,"cs:fossieltype"
"ct:556","skos:Concept","556","colt:fossieltype",,"Pecopteris pennaeformis",,,,,,,,,,,,,"cs:fossieltype",,,,,,,"cs:fossieltype"
"ct:557","skos:Concept","557","colt:fossieltype",,"Pecopteris volkmanni",,,,,,,,,,,,,"cs:fossieltype",,,,,,,"cs:fossieltype"
"ct:558","skos:Concept","558","colt:fossieltype",,"Pinna sp.",,,,,,,,,,,,,"cs:fossieltype",,,,,,,"cs:fossieltype"
"ct:559","skos:Concept","559","colt:fossieltype",,"Pinnularia columnaris",,,,,,,,,,,,,"cs:fossieltype",,,,,,,"cs:fossieltype"
"ct:56","skos:Concept","56","colt:fossieltype",,"graafgang",,,,,,,,,,,,,"cs:fossieltype",,,,,,,"cs:fossieltype"
"ct:560","skos:Concept","560","colt:fossieltype",,"Planolites sp.",,,,,,,,,,,,,"cs:fossieltype",,,,,,,"cs:fossieltype"
"ct:561","skos:Concept","561","colt:fossieltype",,"Prestwichianella rotundata",,,,,,,,,,,,,"cs:fossieltype",,,,,,,"cs:fossieltype"
"ct:562","skos:Concept","562","colt:fossieltype",,"Prestwichianella sp.",,,,,,,,,,,,,"cs:fossieltype",,,,,,,"cs:fossieltype"
"ct:563","skos:Concept","563","colt:fossieltype",,"Pterinopecten papyraceus",,,,,,,,,,,,,"cs:fossieltype",,,,,,,"cs:fossieltype"
"ct:564","skos:Concept","564","colt:fossieltype",,"Rhadinichtys renieri",,,,,,,,,,,,,"cs:fossieltype",,,,,,,"cs:fossieltype"
"ct:566","skos:Concept","566","colt:fossieltype",,"Rhizodopsis sauroides",,,,,,,,,,,,,"cs:fossieltype",,,,,,,"cs:fossieltype"
"ct:567","skos:Concept","567","colt:fossieltype",,"Samaropsis emarginata",,,,,,,,,,,,,"cs:fossieltype",,,,,,,"cs:fossieltype"
"ct:568","skos:Concept","568","colt:fossieltype",,"Samaropsis fluitans",,,,,,,,,,,,,"cs:fossieltype",,,,,,,"cs:fossieltype"
"ct:569","skos:Concept","569","colt:fossieltype",,"Sigillaria davreuxi",,,,,,,,,,,,,"cs:fossieltype",,,,,,,"cs:fossieltype"
"ct:57","skos:Concept","57","colt:fossieltype",,"pyriettubulatie",,,,,,,,,,,,,"cs:fossieltype",,,,,,,"cs:fossieltype"
"ct:570","skos:Concept","570","colt:fossieltype",,"Sigillaria décortiqués",,,,,,,,,,,,,"cs:fossieltype",,,,,,,"cs:fossieltype"
"ct:571","skos:Concept","571","colt:fossieltype",,"Sigillaria elegans",,,,,,,,,,,,,"cs:fossieltype",,,,,,,"cs:fossieltype"
"ct:572","skos:Concept","572","colt:fossieltype",,"Sigillaria laevigata",,,,,,,,,,,,,"cs:fossieltype",,,,,,,"cs:fossieltype"
"ct:573","skos:Concept","573","colt:fossieltype",,"Sigillaria mamillaris",,,,,,,,,,,,,"cs:fossieltype",,,,,,,"cs:fossieltype"
"ct:574","skos:Concept","574","colt:fossieltype",,"Sigillaria reniformis",,,,,,,,,,,,,"cs:fossieltype",,,,,,,"cs:fossieltype"
"ct:575","skos:Concept","575","colt:fossieltype",,"Sigillaria reniformis vel laevigata",,,,,,,,,,,,,"cs:fossieltype",,,,,,,"cs:fossieltype"
"ct:576","skos:Concept","576","colt:fossieltype",,"Sphenophyllum emarginatum",,,,,,,,,,,,,"cs:fossieltype",,,,,,,"cs:fossieltype"
"ct:577","skos:Concept","577","colt:fossieltype",,"Sphenophyllum majus",,,,,,,,,,,,,"cs:fossieltype",,,,,,,"cs:fossieltype"
"ct:578","skos:Concept","578","colt:fossieltype",,"Sphenopteris baumleri",,,,,,,,,,,,,"cs:fossieltype",,,,,,,"cs:fossieltype"
"ct:579","skos:Concept","579","colt:fossieltype",,"Sphenopteris convexiloba",,,,,,,,,,,,,"cs:fossieltype",,,,,,,"cs:fossieltype"
"ct:58","skos:Concept","58","colt:fossieltype",,"Orbiculoides sp.",,,,,,,,,,,,,"cs:fossieltype",,,,,,,"cs:fossieltype"
"ct:580","skos:Concept","580","colt:fossieltype",,"Sphenopteris crossotheca",,,,,,,,,,,,,"cs:fossieltype",,,,,,,"cs:fossieltype"
"ct:581","skos:Concept","581","colt:fossieltype",,"Sphenopteris laurenti",,,,,,,,,,,,,"cs:fossieltype",,,,,,,"cs:fossieltype"
"ct:582","skos:Concept","582","colt:fossieltype",,"Sphenopteris neuroteroides var. Leonardi",,,,,,,,,,,,,"cs:fossieltype",,,,,,,"cs:fossieltype"
"ct:583","skos:Concept","583","colt:fossieltype",,"Sphenopteris spinosa",,,,,,,,,,,,,"cs:fossieltype",,,,,,,"cs:fossieltype"
"ct:584","skos:Concept","584","colt:fossieltype",,"Sphenopteris trigonophylla",,,,,,,,,,,,,"cs:fossieltype",,,,,,,"cs:fossieltype"
"ct:585","skos:Concept","585","colt:fossieltype",,"Spirifer sp.",,,,,,,,,,,,,"cs:fossieltype",,,,,,,"cs:fossieltype"
"ct:587","skos:Concept","587","colt:fossieltype",,"Drydenius sp.",,,,,,,,,,,,,"cs:fossieltype",,,,,,,"cs:fossieltype"
"ct:588","skos:Concept","588","colt:fossieltype",,"Stigmaria eveni",,,,,,,,,,,,,"cs:fossieltype",,,,,,,"cs:fossieltype"
"ct:589","skos:Concept","589","colt:fossieltype",,"Stigmaria reticulata",,,,,,,,,,,,,"cs:fossieltype",,,,,,,"cs:fossieltype"
"ct:59","skos:Concept","59","colt:fossieltype",,"arthropoden",,,,,,,,,,,,,"cs:fossieltype",,,,,,,"cs:fossieltype"
"ct:590","skos:Concept","590","colt:fossieltype",,"Strepsodus sauroides",,,,,,,,,,,,,"cs:fossieltype",,,,,,,"cs:fossieltype"
"ct:591","skos:Concept","591","colt:fossieltype",,"Strepsodus sp.",,,,,,,,,,,,,"cs:fossieltype",,,,,,,"cs:fossieltype"
"ct:592","skos:Concept","592","colt:fossieltype",,"Streptorhynchus sp.",,,,,,,,,,,,,"cs:fossieltype",,,,,,,"cs:fossieltype"
"ct:593","skos:Concept","593","colt:fossieltype",,"Thecidea sp.",,,,,,,,,,,,,"cs:fossieltype",,,,,,,"cs:fossieltype"
"ct:594","skos:Concept","594","colt:fossieltype",,"Trigonocarpus sporites",,,,,,,,,,,,,"cs:fossieltype",,,,,,,"cs:fossieltype"
"ct:595","skos:Concept","595","colt:fossieltype",,"Trigonosemus sp.",,,,,,,,,,,,,"cs:fossieltype",,,,,,,"cs:fossieltype"
"ct:596","skos:Concept","596","colt:fossieltype",,"Trochus sp.",,,,,,,,,,,,,"cs:fossieltype",,,,,,,"cs:fossieltype"
"ct:597","skos:Concept","597","colt:fossieltype",,"Tubbreva sp.",,,,,,,,,,,,,"cs:fossieltype",,,,,,,"cs:fossieltype"
"ct:598","skos:Concept","598","colt:fossieltype",,"Ulodendron minus",,,,,,,,,,,,,"cs:fossieltype",,,,,,,"cs:fossieltype"
"ct:599","skos:Concept","599","colt:fossieltype",,"Ulodendron ophiurus",,,,,,,,,,,,,"cs:fossieltype",,,,,,,"cs:fossieltype"
"ct:6","skos:Concept","6","colt:fossieltype",,"Anthracosia sp.",,,,,,,,,,,,,"cs:fossieltype",,,,,,,"cs:fossieltype"
"ct:60","skos:Concept","60","colt:fossieltype",,"schelpen / schelpenresten",,,,,,,,,,,,,"cs:fossieltype",,,,,,,"cs:fossieltype"
"ct:600","skos:Concept","600","colt:fossieltype",,"Ulodendron wortheni",,,,,,,,,,,,,"cs:fossieltype",,,,,,,"cs:fossieltype"
"ct:601","skos:Concept","601","colt:fossieltype",,"Ulostrobus squarrosus",,,,,,,,,,,,,"cs:fossieltype",,,,,,,"cs:fossieltype"
"ct:602","skos:Concept","602","colt:fossieltype",,"Zaphrentis postuma",,,,,,,,,,,,,"cs:fossieltype",,,,,,,"cs:fossieltype"
"ct:603","skos:Concept","603","colt:fossieltype",,"Zaphrentis sp.",,,,,,,,,,,,,"cs:fossieltype",,,,,,,"cs:fossieltype"
"ct:604","skos:Concept","604","colt:fossieltype",,"Mariopteris muricata nervosa",,,,,,,,,,,,,"cs:fossieltype",,,,,,,"cs:fossieltype"
"ct:605","skos:Concept","605","colt:fossieltype",,"Carbonicola aquilina var. Phrygiana",,,,,,,,,,,,,"cs:fossieltype",,,,,,,"cs:fossieltype"
"ct:606","skos:Concept","606","colt:fossieltype",,"Alethopteris lonchitica decurrens",,,,,,,,,,,,,"cs:fossieltype",,,,,,,"cs:fossieltype"
"ct:607","skos:Concept","607","colt:fossieltype",,"Lepidodendron jaraczewski",,,,,,,,,,,,,"cs:fossieltype",,,,,,,"cs:fossieltype"
"ct:608","skos:Concept","608","colt:fossieltype",,"Alethopteris serli lonchitifolia",,,,,,,,,,,,,"cs:fossieltype",,,,,,,"cs:fossieltype"
"ct:609","skos:Concept","609","colt:fossieltype",,"Sigillaria cordiformis",,,,,,,,,,,,,"cs:fossieltype",,,,,,,"cs:fossieltype"
"ct:61","skos:Concept","61","colt:fossieltype",,"Entomostraca",,,,,,,,,,,,,"cs:fossieltype",,,,,,,"cs:fossieltype"
"ct:610","skos:Concept","610","colt:fossieltype",,"Drydenius molyneuxi",,,,,,,,,,,,,"cs:fossieltype",,,,,,,"cs:fossieltype"
"ct:611","skos:Concept","611","colt:fossieltype",,"Productus rimberti",,,,,,,,,,,,,"cs:fossieltype",,,,,,,"cs:fossieltype"
"ct:612","skos:Concept","612","colt:fossieltype",,"Productus pustula",,,,,,,,,,,,,"cs:fossieltype",,,,,,,"cs:fossieltype"
"ct:613","skos:Concept","613","colt:fossieltype",,"Carbonicola aquilina acuta",,,,,,,,,,,,,"cs:fossieltype",,,,,,,"cs:fossieltype"
"ct:614","skos:Concept","614","colt:fossieltype",,"Wittleyseya sp.",,,,,,,,,,,,,"cs:fossieltype",,,,,,,"cs:fossieltype"
"ct:615","skos:Concept","615","colt:fossieltype",,"Leaia tricarinata minima",,,,,,,,,,,,,"cs:fossieltype",,,,,,,"cs:fossieltype"
"ct:616","skos:Concept","616","colt:fossieltype",,"Neuropteris attenuata",,,,,,,,,,,,,"cs:fossieltype",,,,,,,"cs:fossieltype"
"ct:617","skos:Concept","617","colt:fossieltype",,"Platysomus parvulus",,,,,,,,,,,,,"cs:fossieltype",,,,,,,"cs:fossieltype"
"ct:618","skos:Concept","618","colt:fossieltype",,"Platysomus sp.",,,,,,,,,,,,,"cs:fossieltype",,,,,,,"cs:fossieltype"
"ct:619","skos:Concept","619","colt:fossieltype",,"Sphenopteris spiniformis",,,,,,,,,,,,,"cs:fossieltype",,,,,,,"cs:fossieltype"
"ct:62","skos:Concept","62","colt:fossieltype",,"brachiopoden",,,,,,,,,,,,,"cs:fossieltype",,,,,,,"cs:fossieltype"
"ct:620","skos:Concept","620","colt:fossieltype",,"Tubbreva amoropsis",,,,,,,,,,,,,"cs:fossieltype",,,,,,,"cs:fossieltype"
"ct:621","skos:Concept","621","colt:fossieltype",,"Mariopteris furcata",,,,,,,,,,,,,"cs:fossieltype",,,,,,,"cs:fossieltype"
"ct:622","skos:Concept","622","colt:fossieltype",,"Dorycordaites palmaeformis",,,,,,,,,,,,,"cs:fossieltype",,,,,,,"cs:fossieltype"
"ct:623","skos:Concept","623","colt:fossieltype",,"Anthraconauta lenisulcata",,,,,,,,,,,,,"cs:fossieltype",,,,,,,"cs:fossieltype"
"ct:624","skos:Concept","624","colt:fossieltype",,"Glycemeris sp.",,,,,,,,,,,,,"cs:fossieltype",,,,,,,"cs:fossieltype"
"ct:625","skos:Concept","625","colt:fossieltype",,"haaietanden",,,,,,,,,,,,,"cs:fossieltype",,,,,,,"cs:fossieltype"
"ct:626","skos:Concept","626","colt:fossieltype",,"Fusus sp.",,,,,,,,,,,,,"cs:fossieltype",,,,,,,"cs:fossieltype"
"ct:627","skos:Concept","627","colt:fossieltype",,"Nummulites laevigatus",,,,,,,,,,,,,"cs:fossieltype",,,,,,,"cs:fossieltype"
"ct:628","skos:Concept","628","colt:fossieltype",,"Neithea quinquecostata",,,,,,,,,,,,,"cs:fossieltype",,,,,,,"cs:fossieltype"
"ct:629","skos:Concept","629","colt:fossieltype",,"Panopoea gurgitis",,,,,,,,,,,,,"cs:fossieltype",,,,,,,"cs:fossieltype"
"ct:63","skos:Concept","63","colt:fossieltype",,"Neuropteris tenuifolia",,,,,,,,,,,,,"cs:fossieltype",,,,,,,"cs:fossieltype"
"ct:630","skos:Concept","630","colt:fossieltype",,"Neithea quadricostata",,,,,,,,,,,,,"cs:fossieltype",,,,,,,"cs:fossieltype"
"ct:631","skos:Concept","631","colt:fossieltype",,"Oxyrhina angustidens",,,,,,,,,,,,,"cs:fossieltype",,,,,,,"cs:fossieltype"
"ct:632","skos:Concept","632","colt:fossieltype",,"Pleurotomaria sp.",,,,,,,,,,,,,"cs:fossieltype",,,,,,,"cs:fossieltype"
"ct:633","skos:Concept","633","colt:fossieltype",,"Oxyrhina sp.",,,,,,,,,,,,,"cs:fossieltype",,,,,,,"cs:fossieltype"
"ct:634","skos:Concept","634","colt:fossieltype",,"Spirophyton caudagalli",,,,,,,,,,,,,"cs:fossieltype",,,,,,,"cs:fossieltype"
"ct:635","skos:Concept","635","colt:fossieltype",,"Ventriculites sp.",,,,,,,,,,,,,"cs:fossieltype",,,,,,,"cs:fossieltype"
"ct:636","skos:Concept","636","colt:fossieltype",,"Ventriculites striatus",,,,,,,,,,,,,"cs:fossieltype",,,,,,,"cs:fossieltype"
"ct:637","skos:Concept","637","colt:fossieltype",,"Guettardia sp.",,,,,,,,,,,,,"cs:fossieltype",,,,,,,"cs:fossieltype"
"ct:638","skos:Concept","638","colt:fossieltype",,"ammonieten",,,,,,,,,,,,,"cs:fossieltype",,,,,,,"cs:fossieltype"
"ct:639","skos:Concept","639","colt:fossieltype",,"Verruculina sp.",,,,,,,,,,,,,"cs:fossieltype",,,,,,,"cs:fossieltype"
"ct:64","skos:Concept","64","colt:fossieltype",,"Trigonocarpus sp.",,,,,,,,,,,,,"cs:fossieltype",,,,,,,"cs:fossieltype"
"ct:640","skos:Concept","640","colt:fossieltype",,"Cytherea ovalis",,,,,,,,,,,,,"cs:fossieltype",,,,,,,"cs:fossieltype"
"ct:641","skos:Concept","641","colt:fossieltype",,"Barbatia sp.",,,,,,,,,,,,,"cs:fossieltype",,,,,,,"cs:fossieltype"
"ct:642","skos:Concept","642","colt:fossieltype",,"Barbatia marullensis",,,,,,,,,,,,,"cs:fossieltype",,,,,,,"cs:fossieltype"
"ct:643","skos:Concept","643","colt:fossieltype",,"Cucullea alta",,,,,,,,,,,,,"cs:fossieltype",,,,,,,"cs:fossieltype"
"ct:644","skos:Concept","644","colt:fossieltype",,"Chlamys sp.",,,,,,,,,,,,,"cs:fossieltype",,,,,,,"cs:fossieltype"
"ct:645","skos:Concept","645","colt:fossieltype",,"Ostrea Lunata",,,,,,,,,,,,,"cs:fossieltype",,,,,,,"cs:fossieltype"
"ct:646","skos:Concept","646","colt:fossieltype",,"Cytherea sp.",,,,,,,,,,,,,"cs:fossieltype",,,,,,,"cs:fossieltype"
"ct:647","skos:Concept","647","colt:fossieltype",,"Parapachydiscus sp.",,,,,,,,,,,,,"cs:fossieltype",,,,,,,"cs:fossieltype"
"ct:648","skos:Concept","648","colt:fossieltype",,"Parapachydiscus levyi",,,,,,,,,,,,,"cs:fossieltype",,,,,,,"cs:fossieltype"
"ct:649","skos:Concept","649","colt:fossieltype",,"Cerithes sp.",,,,,,,,,,,,,"cs:fossieltype",,,,,,,"cs:fossieltype"
"ct:65","skos:Concept","65","colt:fossieltype",,"Rhabdoderma sp.",,,,,,,,,,,,,"cs:fossieltype",,,,,,,"cs:fossieltype"
"ct:650","skos:Concept","650","colt:fossieltype",,"Tudicla sp.",,,,,,,,,,,,,"cs:fossieltype",,,,,,,"cs:fossieltype"
"ct:651","skos:Concept","651","colt:fossieltype",,"Tudicla depressa",,,,,,,,,,,,,"cs:fossieltype",,,,,,,"cs:fossieltype"
"ct:652","skos:Concept","652","colt:fossieltype",,"Scalaria sp.",,,,,,,,,,,,,"cs:fossieltype",,,,,,,"cs:fossieltype"
"ct:653","skos:Concept","653","colt:fossieltype",,"Scalaria decorata",,,,,,,,,,,,,"cs:fossieltype",,,,,,,"cs:fossieltype"
"ct:654","skos:Concept","654","colt:fossieltype",,"Neithea sp.",,,,,,,,,,,,,"cs:fossieltype",,,,,,,"cs:fossieltype"
"ct:655","skos:Concept","655","colt:fossieltype",,"Cardium becksi",,,,,,,,,,,,,"cs:fossieltype",,,,,,,"cs:fossieltype"
"ct:656","skos:Concept","656","colt:fossieltype",,"Anomia sp.",,,,,,,,,,,,,"cs:fossieltype",,,,,,,"cs:fossieltype"
"ct:657","skos:Concept","657","colt:fossieltype",,"Patella sp.",,,,,,,,,,,,,"cs:fossieltype",,,,,,,"cs:fossieltype"
"ct:658","skos:Concept","658","colt:fossieltype",,"Pecten cinctus",,,,,,,,,,,,,"cs:fossieltype",,,,,,,"cs:fossieltype"
"ct:659","skos:Concept","659","colt:fossieltype",,"Pinna cretacea",,,,,,,,,,,,,"cs:fossieltype",,,,,,,"cs:fossieltype"
"ct:66","skos:Concept","66","colt:fossieltype",,"pecten",,,,,,,,,,,,,"cs:fossieltype",,,,,,,"cs:fossieltype"
"ct:660","skos:Concept","660","colt:fossieltype",,"Cytherea polymorpha",,,,,,,,,,,,,"cs:fossieltype",,,,,,,"cs:fossieltype"
"ct:661","skos:Concept","661","colt:fossieltype",,"Lima granulata",,,,,,,,,,,,,"cs:fossieltype",,,,,,,"cs:fossieltype"
"ct:662","skos:Concept","662","colt:fossieltype",,"Cypricardia sp.",,,,,,,,,,,,,"cs:fossieltype",,,,,,,"cs:fossieltype"
"ct:663","skos:Concept","663","colt:fossieltype",,"Cytherea plana",,,,,,,,,,,,,"cs:fossieltype",,,,,,,"cs:fossieltype"
"ct:664","skos:Concept","664","colt:fossieltype",,"Cerithium koeneni",,,,,,,,,,,,,"cs:fossieltype",,,,,,,"cs:fossieltype"
"ct:665","skos:Concept","665","colt:fossieltype",,"Natica cretacea",,,,,,,,,,,,,"cs:fossieltype",,,,,,,"cs:fossieltype"
"ct:666","skos:Concept","666","colt:fossieltype",,"Inoceramus kleini",,,,,,,,,,,,,"cs:fossieltype",,,,,,,"cs:fossieltype"
"ct:667","skos:Concept","667","colt:fossieltype",,"Inoceramus inconstans",,,,,,,,,,,,,"cs:fossieltype",,,,,,,"cs:fossieltype"
"ct:668","skos:Concept","668","colt:fossieltype",,"Tellina subdecussata",,,,,,,,,,,,,"cs:fossieltype",,,,,,,"cs:fossieltype"
"ct:669","skos:Concept","669","colt:fossieltype",,"Volutilithes sp.",,,,,,,,,,,,,"cs:fossieltype",,,,,,,"cs:fossieltype"
"ct:67","skos:Concept","67","colt:fossieltype",,"goniatieten",,,,,,,,,,,,,"cs:fossieltype",,,,,,,"cs:fossieltype"
"ct:670","skos:Concept","670","colt:fossieltype",,"Volutilithes subsemiplicatus",,,,,,,,,,,,,"cs:fossieltype",,,,,,,"cs:fossieltype"
"ct:671","skos:Concept","671","colt:fossieltype",,"Aporrhais nilsoni",,,,,,,,,,,,,"cs:fossieltype",,,,,,,"cs:fossieltype"
"ct:672","skos:Concept","672","colt:fossieltype",,"Venericardia sp.",,,,,,,,,,,,,"cs:fossieltype",,,,,,,"cs:fossieltype"
"ct:673","skos:Concept","673","colt:fossieltype",,"Venericardia santonensis",,,,,,,,,,,,,"cs:fossieltype",,,,,,,"cs:fossieltype"
"ct:674","skos:Concept","674","colt:fossieltype",,"Cardium nöggerathi",,,,,,,,,,,,,"cs:fossieltype",,,,,,,"cs:fossieltype"
"ct:675","skos:Concept","675","colt:fossieltype",,"Trigonia vallscum",,,,,,,,,,,,,"cs:fossieltype",,,,,,,"cs:fossieltype"
"ct:676","skos:Concept","676","colt:fossieltype",,"Neithea grypheata",,,,,,,,,,,,,"cs:fossieltype",,,,,,,"cs:fossieltype"
"ct:677","skos:Concept","677","colt:fossieltype",,"Pectunculus geinitzi",,,,,,,,,,,,,"cs:fossieltype",,,,,,,"cs:fossieltype"
"ct:678","skos:Concept","678","colt:fossieltype",,"Tellina mülleri",,,,,,,,,,,,,"cs:fossieltype",,,,,,,"cs:fossieltype"
"ct:679","skos:Concept","679","colt:fossieltype",,"Lima oviformis",,,,,,,,,,,,,"cs:fossieltype",,,,,,,"cs:fossieltype"
"ct:68","skos:Concept","68","colt:fossieltype",,"spiculae",,,,,,,,,,,,,"cs:fossieltype",,,,,,,"cs:fossieltype"
"ct:680","skos:Concept","680","colt:fossieltype",,"Pectunculus obsoletus",,,,,,,,,,,,,"cs:fossieltype",,,,,,,"cs:fossieltype"
"ct:681","skos:Concept","681","colt:fossieltype",,"Crassatella symmetrica",,,,,,,,,,,,,"cs:fossieltype",,,,,,,"cs:fossieltype"
"ct:682","skos:Concept","682","colt:fossieltype",,"Tellina strigata",,,,,,,,,,,,,"cs:fossieltype",,,,,,,"cs:fossieltype"
"ct:683","skos:Concept","683","colt:fossieltype",,"Anomia lamellosa",,,,,,,,,,,,,"cs:fossieltype",,,,,,,"cs:fossieltype"
"ct:684","skos:Concept","684","colt:fossieltype",,"Acritarchen",,,,,,,,,,,,,"cs:fossieltype",,,,,,,"cs:fossieltype"
"ct:685","skos:Concept","685","colt:fossieltype",,"Chitinozoa",,,,,,,,,,,,,"cs:fossieltype",,,,,,,"cs:fossieltype"
"ct:686","skos:Concept","686","colt:fossieltype",,"Graptolieten",,,,,,,,,,,,,"cs:fossieltype",,,,,,,"cs:fossieltype"
"ct:687","skos:Concept","687","colt:fossieltype",,"Oldhamia",,,,,,,,,,,,,"cs:fossieltype",,,,,,,"cs:fossieltype"
"ct:69","skos:Concept","69","colt:fossieltype",,"stromatoporen",,,,,,,,,,,,,"cs:fossieltype",,,,,,,"cs:fossieltype"
"ct:7","skos:Concept","7","colt:fossieltype",,"Anthracosphaerum sp.",,,,,,,,,,,,,"cs:fossieltype",,,,,,,"cs:fossieltype"
"ct:70","skos:Concept","70","colt:fossieltype",,"koralen",,,,,,,,,,,,,"cs:fossieltype",,,,,,,"cs:fossieltype"
"ct:71","skos:Concept","71","colt:fossieltype",,"algaire mat / laminiet",,,,,,,,,,,,,"cs:fossieltype",,,,,,,"cs:fossieltype"
"ct:72","skos:Concept","72","colt:fossieltype",,"crinoïden",,,,,,,,,,,,,"cs:fossieltype",,,,,,,"cs:fossieltype"
"ct:73","skos:Concept","73","colt:fossieltype",,"nummulieten",,,,,,,,,,,,,"cs:fossieltype",,,,,,,"cs:fossieltype"
"ct:74","skos:Concept","74","colt:fossieltype",,"Lycopodites sp.",,,,,,,,,,,,,"cs:fossieltype",,,,,,,"cs:fossieltype"
"ct:75","skos:Concept","75","colt:fossieltype",,"Carpolites sp.",,,,,,,,,,,,,"cs:fossieltype",,,,,,,"cs:fossieltype"
"ct:76","skos:Concept","76","colt:fossieltype",,"Artisia sp.",,,,,,,,,,,,,"cs:fossieltype",,,,,,,"cs:fossieltype"
"ct:77","skos:Concept","77","colt:fossieltype",,"Palaeostachya sp.",,,,,,,,,,,,,"cs:fossieltype",,,,,,,"cs:fossieltype"
"ct:78","skos:Concept","78","colt:fossieltype",,"Palmatopteris sp.",,,,,,,,,,,,,"cs:fossieltype",,,,,,,"cs:fossieltype"
"ct:79","skos:Concept","79","colt:fossieltype",,"Coelacanthus sp.",,,,,,,,,,,,,"cs:fossieltype",,,,,,,"cs:fossieltype"
"ct:8","skos:Concept","8","colt:fossieltype",,"Anthracomya sp.",,,,,,,,,,,,,"cs:fossieltype",,,,,,,"cs:fossieltype"
"ct:80","skos:Concept","80","colt:fossieltype",,"Lepidophloios sp.",,,,,,,,,,,,,"cs:fossieltype",,,,,,,"cs:fossieltype"
"ct:81","skos:Concept","81","colt:fossieltype",,"Calamophyllites sp.",,,,,,,,,,,,,"cs:fossieltype",,,,,,,"cs:fossieltype"
"ct:82","skos:Concept","82","colt:fossieltype",,"Lepidodendron aculeatum",,,,,,,,,,,,,"cs:fossieltype",,,,,,,"cs:fossieltype"
"ct:83","skos:Concept","83","colt:fossieltype",,"Corynepteris coralloides",,,,,,,,,,,,,"cs:fossieltype",,,,,,,"cs:fossieltype"
"ct:84","skos:Concept","84","colt:fossieltype",,"Aphlebia sp.",,,,,,,,,,,,,"cs:fossieltype",,,,,,,"cs:fossieltype"
"ct:85","skos:Concept","85","colt:fossieltype",,"Elonichthys sp.",,,,,,,,,,,,,"cs:fossieltype",,,,,,,"cs:fossieltype"
"ct:86","skos:Concept","86","colt:fossieltype",,"Rhizodopsis sp.",,,,,,,,,,,,,"cs:fossieltype",,,,,,,"cs:fossieltype"
"ct:87","skos:Concept","87","colt:fossieltype",,"Lepidospermum sp.",,,,,,,,,,,,,"cs:fossieltype",,,,,,,"cs:fossieltype"
"ct:88","skos:Concept","88","colt:fossieltype",,"Posidoniella sp.",,,,,,,,,,,,,"cs:fossieltype",,,,,,,"cs:fossieltype"
"ct:89","skos:Concept","89","colt:fossieltype",,"Corynepteris sp.",,,,,,,,,,,,,"cs:fossieltype",,,,,,,"cs:fossieltype"
"ct:9","skos:Concept","9","colt:fossieltype",,"Anthraconaia sp.",,,,,,,,,,,,,"cs:fossieltype",,,,,,,"cs:fossieltype"
"ct:90","skos:Concept","90","colt:fossieltype",,"Coelonautilus sp.",,,,,,,,,,,,,"cs:fossieltype",,,,,,,"cs:fossieltype"
"ct:91","skos:Concept","91","colt:fossieltype",,"Eurypterus sp.",,,,,,,,,,,,,"cs:fossieltype",,,,,,,"cs:fossieltype"
"ct:92","skos:Concept","92","colt:fossieltype",,"Aviculopecten sp.",,,,,,,,,,,,,"cs:fossieltype",,,,,,,"cs:fossieltype"
"ct:93","skos:Concept","93","colt:fossieltype",,"Pterinopecten sp.",,,,,,,,,,,,,"cs:fossieltype",,,,,,,"cs:fossieltype"
"ct:94","skos:Concept","94","colt:fossieltype",,"Renaultia sp.",,,,,,,,,,,,,"cs:fossieltype",,,,,,,"cs:fossieltype"
"ct:95","skos:Concept","95","colt:fossieltype",,"Rhadinichtys sp.",,,,,,,,,,,,,"cs:fossieltype",,,,,,,"cs:fossieltype"
"ct:96","skos:Concept","96","colt:fossieltype",,"Hexaspermum sp.",,,,,,,,,,,,,"cs:fossieltype",,,,,,,"cs:fossieltype"
"ct:97","skos:Concept","97","colt:fossieltype",,"Adiantites sp.",,,,,,,,,,,,,"cs:fossieltype",,,,,,,"cs:fossieltype"
"ct:98","skos:Concept","98","colt:fossieltype",,"Pinakodendron sp.",,,,,,,,,,,,,"cs:fossieltype",,,,,,,"cs:fossieltype"
"ct:99","skos:Concept","99","colt:fossieltype",,"Cypridina (Entomis) sp.",,,,,,,,,,,,,"cs:fossieltype",,,,,,,"cs:fossieltype"
